order_id,customer_id,age,gender,product_id,country,signup_date,last_purchase_date,cancellations_count,subscription_status,unit_price,quantity,purchase_frequency,product_name,category,Ratings,Predicted_Churn
ORD5000,CUST1000,39,Female,PROD200,Canada,01-07-2021,2/21/2023,0,active,78.21,5,37,Football,Sports,4.2,0
ORD5001,CUST1001,61,Female,PROD201,USA,10/19/2020,12-08-2021,0,active,64.02,8,35,Refrigerator,Home,4.0,0
ORD5002,CUST1002,26,Female,PROD202,Pakistan,06-10-2023,09-04-2023,3,cancelled,604.14,2,44,Hoodie,Clothing,3.9,0
ORD5003,CUST1003,54,Male,PROD203,India,7/30/2023,2/20/2024,4,paused,84.66,4,1,Conditioner,Beauty,4.2,0
ORD5004,CUST1004,50,Male,PROD204,India,12-09-2020,9/14/2024,0,active,62.66,7,35,Smartwatch,Electronics,4.2,0
ORD5005,CUST1005,46,Male,PROD205,Pakistan,5/16/2023,8/13/2025,2,active,221.61,8,16,Hoodie,Clothing,3.9,0
ORD5006,CUST1006,29,Female,PROD206,Germany,04-10-2023,7/15/2025,1,active,175.74,4,7,Tablet,Electronics,4.1,0
ORD5007,CUST1007,24,Female,PROD207,UK,07-11-2022,12/31/2024,2,active,9.56,5,34,Jacket,Clothing,4.3,0
ORD5008,CUST1008,53,Female,PROD208,Pakistan,4/25/2021,12/26/2024,4,paused,1525.8,1,32,Nail Polish,Beauty,4.2,0
ORD5009,CUST1009,38,Male,PROD209,Germany,12-09-2021,11/29/2024,2,active,337.24,4,6,Camera,Electronics,4.0,0
ORD5010,CUST1010,41,Female,PROD210,UK,10-04-2020,08-02-2022,2,active,203.05,6,38,Dumbbells,Sports,4.3,0
ORD5011,CUST1011,24,Female,PROD211,Canada,02-12-2022,03-12-2025,1,active,940.17,1,24,Headphones,Electronics,4.2,0
ORD5012,CUST1012,39,Female,PROD212,Canada,12/20/2020,1/16/2023,2,active,168.79,9,36,Vacuum Cleaner,Home,4.4,0
ORD5013,CUST1013,61,Female,PROD213,USA,2/19/2021,12-09-2024,3,active,236.77,8,5,Perfume,Beauty,4.2,0
ORD5014,CUST1014,64,Female,PROD214,UK,2/27/2021,4/24/2025,1,active,130.32,6,20,Cycling Helmet,Sports,4.1,0
ORD5015,CUST1015,28,Female,PROD215,UK,12/31/2021,11/15/2023,5,cancelled,333.99,3,27,Face Wash,Beauty,4.4,0
ORD5016,CUST1016,34,Female,PROD216,USA,07-06-2021,08-02-2025,1,active,1875.08,1,31,Football,Sports,4.2,0
ORD5017,CUST1017,22,Male,PROD217,Pakistan,9/14/2021,08-04-2024,0,cancelled,211.24,6,18,Cricket Bat,Sports,4.0,0
ORD5018,CUST1018,42,Male,PROD218,USA,5/25/2023,01-09-2025,5,paused,1702.39,1,14,Sneakers,Clothing,4.1,0
ORD5019,CUST1019,51,Female,PROD219,India,9/14/2022,8/13/2025,0,paused,199.58,8,41,Refrigerator,Home,4.3,0
ORD5020,CUST1020,64,Female,PROD220,Canada,3/13/2022,1/23/2024,4,active,242.03,6,2,Cricket Bat,Sports,4.5,0
ORD5021,CUST1021,52,Male,PROD221,Germany,02-02-2021,6/20/2022,1,paused,50.78,7,9,Dress,Clothing,3.7,1
ORD5022,CUST1022,28,Female,PROD222,Germany,06-09-2022,08-05-2022,2,active,89.87,6,39,Smartphone,Electronics,4.3,0
ORD5023,CUST1023,25,Male,PROD223,Germany,05-04-2021,06-11-2025,5,active,52.34,8,16,Camera,Electronics,4.0,0
ORD5024,CUST1024,45,Male,PROD224,Germany,4/14/2022,1/29/2023,2,active,232.67,3,20,Lipstick,Beauty,4.3,0
ORD5025,CUST1025,49,Male,PROD225,India,11-07-2021,06-09-2022,3,cancelled,142.89,5,40,Sneakers,Clothing,4.2,0
ORD5026,CUST1026,27,Male,PROD226,Germany,5/15/2023,05-05-2025,0,paused,44.69,7,28,T-Shirt,Clothing,4.2,0
ORD5027,CUST1027,69,Male,PROD227,Pakistan,3/23/2021,2/25/2022,4,cancelled,139.3,7,42,Tennis Racket,Sports,4.0,0
ORD5028,CUST1028,66,Male,PROD228,India,06-02-2021,04-03-2025,1,active,149.65,8,45,Sofa,Home,4.4,0
ORD5029,CUST1029,43,Female,PROD229,Canada,8/22/2020,3/22/2024,3,cancelled,157.1,6,14,Laptop,Electronics,4.3,0
ORD5030,CUST1030,18,Male,PROD230,Germany,4/19/2021,06-01-2021,5,active,182.53,9,24,Basketball,Sports,4.5,0
ORD5031,CUST1031,37,Male,PROD231,Canada,8/19/2021,7/22/2023,4,paused,31.95,1,9,Dress,Clothing,4.0,0
ORD5032,CUST1032,52,Female,PROD232,Germany,02-09-2021,7/27/2021,0,cancelled,804.77,2,26,Cycling Helmet,Sports,4.3,0
ORD5033,CUST1033,50,Male,PROD233,Canada,3/25/2022,9/25/2022,5,active,332.38,5,29,Shirt,Clothing,4.3,0
ORD5034,CUST1034,49,Female,PROD234,UK,2/26/2021,4/22/2025,5,active,1292.65,1,12,Cricket Bat,Sports,3.9,0
ORD5035,CUST1035,48,Female,PROD235,India,07-11-2021,11/23/2023,3,active,36.39,7,24,Tablet,Electronics,3.9,0
ORD5036,CUST1036,42,Male,PROD236,UK,08-03-2023,1/14/2024,0,paused,79.19,7,13,Camera,Electronics,4.4,0
ORD5037,CUST1037,66,Male,PROD237,India,3/25/2023,5/16/2023,3,active,94.06,4,48,Blender,Home,4.0,0
ORD5038,CUST1038,25,Female,PROD238,Pakistan,2/17/2022,6/29/2023,3,paused,786.48,2,11,Basketball,Sports,4.2,0
ORD5039,CUST1039,40,Female,PROD239,India,12-04-2022,12/13/2024,5,active,20.55,6,47,Sneakers,Clothing,4.2,0
ORD5040,CUST1040,31,Male,PROD240,USA,05-08-2023,08-06-2025,3,active,203.23,5,45,Sneakers,Clothing,4.5,0
ORD5041,CUST1041,55,Female,PROD241,Pakistan,7/19/2022,3/28/2025,5,active,65.07,7,5,Dumbbells,Sports,4.3,0
ORD5042,CUST1042,57,Other,PROD242,Germany,5/23/2023,3/15/2025,4,paused,1954.64,1,36,Cricket Bat,Sports,4.2,0
ORD5043,CUST1043,55,Female,PROD243,UK,4/22/2023,5/28/2024,4,active,18.98,7,45,Smartphone,Electronics,4.3,0
ORD5044,CUST1044,47,Male,PROD244,Germany,03-11-2022,12-11-2023,5,cancelled,654.56,3,48,Football,Sports,4.0,0
ORD5045,CUST1045,29,Male,PROD245,Pakistan,11/30/2020,5/22/2022,0,active,334.17,5,6,Headphones,Electronics,3.3,1
ORD5046,CUST1046,19,Female,PROD246,Pakistan,3/21/2023,1/14/2025,0,active,219.75,5,37,Jacket,Clothing,4.1,0
ORD5047,CUST1047,38,Male,PROD247,Canada,7/13/2021,07-09-2022,1,active,223.05,7,23,Lamp,Home,4.4,0
ORD5048,CUST1048,48,Male,PROD248,Pakistan,04-10-2023,4/18/2025,5,paused,149.88,4,35,Headphones,Electronics,3.6,1
ORD5049,CUST1049,58,Male,PROD249,Germany,6/17/2022,01-04-2025,4,active,165.27,9,30,Bluetooth Speaker,Electronics,4.2,0
ORD5050,CUST1050,27,Female,PROD250,Pakistan,8/29/2020,8/15/2024,0,paused,222.62,8,37,Gaming Console,Electronics,4.4,0
ORD5051,CUST1051,54,Male,PROD251,Canada,12-05-2022,7/13/2023,2,active,45.17,2,14,Bluetooth Speaker,Electronics,4.2,0
ORD5052,CUST1052,67,Female,PROD252,USA,09-09-2020,5/28/2025,3,active,136.95,8,4,Basketball,Sports,4.3,0
ORD5053,CUST1053,51,Female,PROD253,Canada,10-05-2020,8/16/2021,4,cancelled,323.04,3,8,Nail Polish,Beauty,4.2,0
ORD5054,CUST1054,59,Male,PROD254,UK,05-03-2023,4/26/2024,0,cancelled,104.0,3,1,Smartphone,Electronics,4.1,0
ORD5055,CUST1055,42,Female,PROD255,USA,04-09-2022,08-04-2022,4,cancelled,251.6,3,23,Lamp,Home,3.7,1
ORD5056,CUST1056,38,Male,PROD256,USA,8/15/2023,12/28/2023,0,active,472.04,2,17,Shirt,Clothing,4.2,0
ORD5057,CUST1057,23,Female,PROD257,Germany,2/27/2023,02-11-2025,5,active,21.85,8,1,Tennis Racket,Sports,4.2,0
ORD5058,CUST1058,18,Male,PROD258,USA,4/22/2021,5/18/2023,3,active,295.22,5,18,Jeans,Clothing,4.2,0
ORD5059,CUST1059,41,Female,PROD259,Canada,8/30/2020,09-02-2023,0,paused,362.26,5,13,Running Shoes,Sports,4.3,0
ORD5060,CUST1060,35,Female,PROD260,Canada,8/16/2021,9/21/2021,1,cancelled,286.73,6,42,Cycling Helmet,Sports,3.7,1
ORD5061,CUST1061,39,Female,PROD261,Canada,12/29/2021,01-10-2024,3,active,34.68,9,2,Smartphone,Electronics,4.3,0
ORD5062,CUST1062,33,Female,PROD262,UK,09-09-2021,02-02-2024,4,paused,370.97,4,13,Sneakers,Clothing,4.0,0
ORD5063,CUST1063,34,Female,PROD263,Canada,11/26/2020,03-10-2022,4,active,841.95,2,9,Camera,Electronics,4.2,0
ORD5064,CUST1064,22,Female,PROD264,Germany,07-08-2022,02-03-2023,4,cancelled,1795.65,1,16,Sofa,Home,4.2,0
ORD5065,CUST1065,56,Male,PROD265,Pakistan,11/16/2020,06-12-2025,1,paused,459.56,3,7,Smartwatch,Electronics,4.4,0
ORD5066,CUST1066,54,Female,PROD266,Pakistan,7/13/2023,04-10-2024,3,cancelled,193.86,5,9,Hoodie,Clothing,4.1,0
ORD5067,CUST1067,66,Female,PROD267,UK,9/24/2021,10/30/2024,4,active,180.63,3,39,Cycling Helmet,Sports,4.3,0
ORD5068,CUST1068,45,Other,PROD268,Canada,5/27/2023,09-11-2024,5,active,1217.67,1,40,Lipstick,Beauty,4.2,0
ORD5069,CUST1069,19,Male,PROD269,Canada,1/25/2022,6/29/2025,4,active,262.1,6,33,Smartwatch,Electronics,4.3,0
ORD5070,CUST1070,33,Female,PROD270,India,7/29/2023,12/18/2024,3,active,466.13,3,25,Jeans,Clothing,4.5,0
ORD5071,CUST1071,62,Female,PROD271,India,10-09-2021,03-01-2024,2,active,365.16,3,13,Laptop,Electronics,4.1,0
ORD5072,CUST1072,34,Male,PROD272,Canada,12/14/2020,04-01-2021,3,active,24.08,5,28,Bluetooth Speaker,Electronics,4.2,0
ORD5073,CUST1073,57,Male,PROD273,Pakistan,11-01-2021,10/20/2022,0,cancelled,167.47,5,13,Sofa,Home,4.0,0
ORD5074,CUST1074,21,Female,PROD274,India,8/19/2021,5/21/2025,2,active,44.36,6,27,Bluetooth Speaker,Electronics,4.1,0
ORD5075,CUST1075,43,Female,PROD275,USA,8/20/2022,2/20/2024,1,cancelled,157.7,5,32,Dumbbells,Sports,4.1,0
ORD5076,CUST1076,63,Male,PROD276,USA,05-03-2021,08-06-2022,5,cancelled,244.5,6,19,Blender,Home,4.0,0
ORD5077,CUST1077,35,Female,PROD277,UK,7/17/2021,12-08-2024,2,cancelled,1519.11,1,47,Tablet,Electronics,4.1,0
ORD5078,CUST1078,55,Female,PROD278,UK,04-11-2021,12/29/2023,2,cancelled,160.26,8,44,Face Wash,Beauty,3.9,0
ORD5079,CUST1079,54,Male,PROD279,Germany,10-05-2020,5/21/2025,5,active,154.0,7,21,Foundation,Beauty,4.0,0
ORD5080,CUST1080,53,Male,PROD280,Germany,11-02-2021,10-10-2023,0,active,119.16,7,4,Perfume,Beauty,4.2,0
ORD5081,CUST1081,20,Male,PROD281,USA,07-01-2023,12/18/2023,5,active,68.21,5,8,Refrigerator,Home,4.0,0
ORD5082,CUST1082,18,Male,PROD282,UK,9/23/2021,2/20/2022,0,active,112.63,7,20,Headphones,Electronics,3.4,1
ORD5083,CUST1083,44,Female,PROD283,UK,10-03-2021,11-08-2023,0,active,269.36,6,16,Basketball,Sports,4.4,0
ORD5084,CUST1084,20,Male,PROD284,Pakistan,12-02-2021,4/26/2025,0,active,1032.49,1,1,Dress,Clothing,4.2,0
ORD5085,CUST1085,51,Female,PROD285,Germany,04-04-2021,11/27/2023,0,active,253.07,2,7,Tablet,Electronics,4.2,0
ORD5086,CUST1086,55,Female,PROD286,Germany,1/15/2021,6/21/2024,1,active,189.41,8,3,Laptop,Electronics,4.3,0
ORD5087,CUST1087,52,Female,PROD287,Pakistan,04-05-2022,6/20/2023,1,cancelled,1495.51,1,45,Refrigerator,Home,4.3,0
ORD5088,CUST1088,31,Female,PROD288,Germany,10/16/2021,11-08-2022,4,cancelled,384.7,2,38,Gaming Console,Electronics,4.5,0
ORD5089,CUST1089,46,Male,PROD289,India,8/28/2021,09-07-2023,5,active,256.4,6,29,Sofa,Home,4.2,0
ORD5090,CUST1090,61,Female,PROD290,Pakistan,07-07-2023,08-08-2023,0,active,289.7,4,14,Chair,Home,3.6,1
ORD5091,CUST1091,30,Female,PROD291,Canada,2/27/2021,6/26/2023,2,active,27.0,5,8,Dining Table,Home,4.2,0
ORD5092,CUST1092,56,Female,PROD292,Canada,9/13/2021,5/22/2022,2,active,279.83,3,28,Moisturizer,Beauty,4.2,0
ORD5093,CUST1093,24,Male,PROD293,Canada,5/29/2023,6/28/2024,0,paused,290.29,5,30,Headphones,Electronics,4.1,0
ORD5094,CUST1094,68,Female,PROD294,Pakistan,7/14/2022,12/25/2024,2,active,259.26,6,38,Yoga Mat,Sports,4.2,0
ORD5095,CUST1095,52,Male,PROD295,Canada,10/20/2022,11-11-2024,5,cancelled,159.25,5,40,Gaming Console,Electronics,3.7,1
ORD5096,CUST1096,43,Female,PROD296,USA,2/15/2021,10/19/2021,0,active,62.41,3,30,Tennis Racket,Sports,3.8,0
ORD5097,CUST1097,35,Male,PROD297,Pakistan,3/31/2021,11/21/2022,4,active,107.73,5,26,Smartwatch,Electronics,3.7,1
ORD5098,CUST1098,66,Male,PROD298,Germany,9/15/2021,08-07-2022,5,paused,556.57,2,40,T-Shirt,Clothing,4.5,0
ORD5099,CUST1099,32,Female,PROD299,UK,9/18/2021,4/15/2022,2,active,990.57,1,5,Headphones,Electronics,4.1,0
ORD5100,CUST1100,57,Female,PROD300,UK,11/28/2020,1/20/2024,2,cancelled,140.71,6,26,Nail Polish,Beauty,4.3,0
ORD5101,CUST1101,49,Male,PROD301,USA,4/15/2022,9/20/2024,2,active,38.59,9,48,Yoga Mat,Sports,4.3,0
ORD5102,CUST1102,62,Female,PROD302,USA,8/14/2023,07-08-2024,1,active,196.79,8,35,Moisturizer,Beauty,4.0,0
ORD5103,CUST1103,36,Female,PROD303,Germany,6/18/2023,04-06-2025,4,active,84.34,5,41,Basketball,Sports,4.2,0
ORD5104,CUST1104,51,Male,PROD304,USA,7/27/2022,10/17/2023,2,paused,760.96,1,13,Foundation,Beauty,4.2,0
ORD5105,CUST1105,54,Female,PROD305,India,10-01-2022,11-10-2024,4,active,716.3,2,24,Smartphone,Electronics,4.3,0
ORD5106,CUST1106,27,Female,PROD306,UK,9/15/2022,2/21/2025,0,cancelled,396.36,5,34,Chair,Home,4.2,0
ORD5107,CUST1107,42,Female,PROD307,Germany,10/16/2020,03-08-2022,0,active,805.84,2,39,Cycling Helmet,Sports,4.3,0
ORD5108,CUST1108,51,Other,PROD308,India,07-04-2022,11-11-2024,3,cancelled,107.67,4,26,Vacuum Cleaner,Home,4.3,0
ORD5109,CUST1109,39,Male,PROD309,India,11-06-2022,04-05-2024,1,cancelled,233.34,6,44,Perfume,Beauty,3.9,0
ORD5110,CUST1110,23,Female,PROD310,Canada,10/29/2022,8/21/2023,1,active,353.8,3,11,Perfume,Beauty,4.1,0
ORD5111,CUST1111,59,Female,PROD311,India,1/27/2023,12/26/2023,0,paused,221.28,8,41,Jeans,Clothing,4.3,0
ORD5112,CUST1112,29,Female,PROD312,Canada,2/13/2021,10-05-2023,4,paused,247.78,8,28,Lipstick,Beauty,4.3,0
ORD5113,CUST1113,50,Male,PROD313,India,08-11-2023,03-07-2025,0,cancelled,1810.76,1,13,Yoga Mat,Sports,4.1,0
ORD5114,CUST1114,31,Female,PROD314,Pakistan,12/16/2021,5/27/2023,3,active,164.62,6,15,Sofa,Home,4.5,0
ORD5115,CUST1115,65,Female,PROD315,Canada,7/26/2022,10-01-2022,3,active,57.48,5,42,Tablet,Electronics,4.1,0
ORD5116,CUST1116,28,Female,PROD316,Canada,11/29/2022,9/28/2024,0,active,431.26,3,3,Vacuum Cleaner,Home,3.6,1
ORD5117,CUST1117,31,Male,PROD317,Germany,12/30/2020,06-09-2021,0,cancelled,205.69,8,7,Dress,Clothing,3.5,1
ORD5118,CUST1118,45,Male,PROD318,Canada,03-01-2022,9/17/2024,1,active,338.72,1,22,Hoodie,Clothing,4.0,0
ORD5119,CUST1119,19,Female,PROD319,USA,09-12-2021,6/28/2024,1,active,174.49,9,25,Lipstick,Beauty,3.8,0
ORD5120,CUST1120,64,Male,PROD320,Pakistan,11/16/2020,08-06-2022,5,cancelled,102.01,6,1,Tablet,Electronics,4.4,0
ORD5121,CUST1121,23,Male,PROD321,UK,10/30/2022,4/27/2024,5,active,389.99,5,3,Shirt,Clothing,3.7,1
ORD5122,CUST1122,22,Male,PROD322,UK,12-03-2022,12/19/2024,2,cancelled,21.57,6,49,Face Wash,Beauty,4.3,0
ORD5123,CUST1123,68,Male,PROD323,USA,4/25/2023,9/24/2024,1,cancelled,649.18,2,38,Gaming Console,Electronics,4.1,0
ORD5124,CUST1124,61,Female,PROD324,Canada,2/19/2023,4/23/2025,3,cancelled,964.88,2,5,Running Shoes,Sports,4.2,0
ORD5125,CUST1125,52,Male,PROD325,UK,5/20/2023,02-08-2024,0,active,201.06,8,28,Lamp,Home,4.1,0
ORD5126,CUST1126,35,Female,PROD326,UK,06-09-2021,10/18/2024,1,active,178.81,1,41,Smartwatch,Electronics,4.3,0
ORD5127,CUST1127,45,Female,PROD327,Germany,7/25/2022,2/27/2023,2,cancelled,167.69,5,49,Headphones,Electronics,4.2,0
ORD5128,CUST1128,49,Female,PROD328,Germany,9/28/2022,10-12-2022,2,active,19.56,6,43,Bluetooth Speaker,Electronics,4.2,0
ORD5129,CUST1129,31,Male,PROD329,UK,4/24/2021,01-10-2024,0,active,170.27,3,34,Shampoo,Beauty,4.4,0
ORD5130,CUST1130,33,Male,PROD330,Germany,10/20/2022,08-07-2024,3,cancelled,968.05,2,3,Smartwatch,Electronics,4.3,0
ORD5131,CUST1131,21,Female,PROD331,UK,11-08-2021,1/25/2025,0,cancelled,184.34,6,13,Tablet,Electronics,4.3,0
ORD5132,CUST1132,59,Female,PROD332,USA,7/13/2022,06-12-2023,3,active,332.14,4,3,Skirt,Clothing,4.0,0
ORD5133,CUST1133,46,Female,PROD333,Germany,6/29/2021,11-04-2022,2,active,42.65,5,34,Tennis Racket,Sports,3.9,0
ORD5134,CUST1134,35,Male,PROD334,UK,09-05-2021,11/18/2024,1,active,21.3,9,43,Cycling Helmet,Sports,4.2,0
ORD5135,CUST1135,51,Male,PROD335,USA,5/20/2023,5/17/2024,5,cancelled,111.78,7,28,Microwave,Home,4.3,0
ORD5136,CUST1136,51,Female,PROD336,India,01-10-2022,07-08-2022,1,active,103.26,7,25,Face Wash,Beauty,3.9,0
ORD5137,CUST1137,39,Female,PROD337,USA,05-02-2021,07-11-2024,3,active,5.48,9,11,Headphones,Electronics,4.6,0
ORD5138,CUST1138,36,Female,PROD338,Germany,04-07-2023,05-09-2023,3,active,151.96,5,16,Cycling Helmet,Sports,3.9,0
ORD5139,CUST1139,49,Female,PROD339,Pakistan,06-07-2023,7/19/2023,3,active,152.78,9,12,Sneakers,Clothing,4.3,0
ORD5140,CUST1140,55,Male,PROD340,UK,2/14/2022,2/25/2024,2,active,179.86,7,3,Cycling Helmet,Sports,4.1,0
ORD5141,CUST1141,19,Female,PROD341,Germany,3/24/2023,11-03-2024,4,cancelled,218.72,8,9,Sneakers,Clothing,4.4,0
ORD5142,CUST1142,47,Female,PROD342,UK,06-02-2023,3/28/2025,0,cancelled,177.72,4,46,T-Shirt,Clothing,3.2,1
ORD5143,CUST1143,53,Female,PROD343,India,10/20/2021,4/26/2025,5,active,224.37,4,30,Conditioner,Beauty,4.2,0
ORD5144,CUST1144,46,Female,PROD344,India,11-10-2021,6/26/2024,3,active,283.6,7,18,Dress,Clothing,4.2,0
ORD5145,CUST1145,48,Male,PROD345,Germany,08-07-2021,09-05-2024,2,cancelled,167.0,9,23,Skirt,Clothing,3.7,1
ORD5146,CUST1146,47,Female,PROD346,USA,3/17/2021,10/30/2023,1,active,121.06,6,24,Jeans,Clothing,4.5,0
ORD5147,CUST1147,26,Other,PROD347,Germany,8/24/2022,2/28/2025,5,active,433.59,3,28,Headphones,Electronics,4.2,0
ORD5148,CUST1148,20,Male,PROD348,India,12-05-2021,7/25/2024,1,active,230.28,5,17,Lamp,Home,4.2,0
ORD5149,CUST1149,51,Male,PROD349,Germany,9/23/2021,02-05-2024,2,cancelled,8.24,6,37,Nail Polish,Beauty,4.2,0
ORD5150,CUST1150,20,Male,PROD350,Germany,9/22/2021,10-07-2022,3,cancelled,634.46,3,40,Shirt,Clothing,4.1,0
ORD5151,CUST1151,49,Female,PROD351,USA,12/26/2020,05-01-2022,3,active,156.77,8,40,Nail Polish,Beauty,4.3,0
ORD5152,CUST1152,27,Female,PROD352,Pakistan,11-09-2021,1/18/2023,5,active,172.17,7,41,Microwave,Home,4.3,0
ORD5153,CUST1153,52,Female,PROD353,India,7/27/2022,07-08-2024,2,active,1308.29,1,18,Jacket,Clothing,4.3,0
ORD5154,CUST1154,24,Other,PROD354,UK,10/13/2020,12/20/2024,1,cancelled,773.0,2,42,Face Wash,Beauty,3.4,1
ORD5155,CUST1155,54,Female,PROD355,UK,8/28/2022,1/30/2025,1,cancelled,37.35,1,7,Sneakers,Clothing,4.3,0
ORD5156,CUST1156,42,Male,PROD356,Pakistan,10-06-2021,08-12-2024,0,active,210.51,2,1,Jacket,Clothing,4.4,0
ORD5157,CUST1157,55,Male,PROD357,Canada,7/17/2022,02-07-2024,4,cancelled,184.94,7,45,Hoodie,Clothing,3.9,0
ORD5158,CUST1158,35,Female,PROD358,Pakistan,11/22/2020,10/14/2021,4,active,34.88,5,24,Lamp,Home,4.1,0
ORD5159,CUST1159,31,Male,PROD359,Pakistan,04-09-2022,08-09-2024,3,active,23.82,9,1,Foundation,Beauty,3.9,0
ORD5160,CUST1160,21,Male,PROD360,Germany,5/22/2022,11-02-2022,1,active,241.3,6,21,Yoga Mat,Sports,4.0,0
ORD5161,CUST1161,65,Female,PROD361,Canada,7/30/2022,8/13/2022,5,active,292.25,3,24,Tennis Racket,Sports,4.3,0
ORD5162,CUST1162,30,Female,PROD362,Canada,9/30/2020,9/30/2023,4,cancelled,139.58,6,44,Blender,Home,4.0,0
ORD5163,CUST1163,38,Female,PROD363,Pakistan,07-02-2023,12/21/2024,4,cancelled,400.08,4,38,Running Shoes,Sports,3.9,0
ORD5164,CUST1164,64,Male,PROD364,Germany,11/19/2022,3/14/2023,3,paused,901.2,2,34,Vacuum Cleaner,Home,4.5,0
ORD5165,CUST1165,45,Male,PROD365,Germany,05-12-2023,08-10-2024,5,active,597.67,3,9,Blender,Home,3.9,0
ORD5166,CUST1166,41,Male,PROD366,UK,09-03-2021,11/23/2024,2,cancelled,77.76,3,3,Running Shoes,Sports,4.2,0
ORD5167,CUST1167,38,Male,PROD367,Pakistan,11/23/2021,6/13/2023,1,cancelled,15.8,6,8,Cricket Bat,Sports,4.0,0
ORD5168,CUST1168,62,Other,PROD368,Germany,1/23/2021,01-04-2023,2,active,151.98,5,36,Running Shoes,Sports,4.3,0
ORD5169,CUST1169,47,Male,PROD369,India,05-02-2021,10/28/2022,5,active,35.32,6,49,Shirt,Clothing,4.0,0
ORD5170,CUST1170,65,Female,PROD370,UK,05-09-2021,05-01-2024,5,active,161.03,9,47,Basketball,Sports,4.4,0
ORD5171,CUST1171,36,Female,PROD371,UK,4/17/2021,06-12-2024,1,cancelled,621.17,2,2,Sneakers,Clothing,4.3,0
ORD5172,CUST1172,64,Female,PROD372,Canada,2/19/2022,4/15/2023,0,cancelled,261.65,5,28,Skirt,Clothing,4.0,0
ORD5173,CUST1173,38,Male,PROD373,Pakistan,05-12-2022,12-02-2024,5,cancelled,332.86,5,42,Lamp,Home,4.3,0
ORD5174,CUST1174,51,Male,PROD374,Germany,2/15/2023,11/15/2024,4,active,68.45,3,39,Shampoo,Beauty,5.0,0
ORD5175,CUST1175,62,Male,PROD375,Pakistan,9/15/2021,2/19/2024,5,active,274.96,4,26,Smartphone,Electronics,3.7,1
ORD5176,CUST1176,20,Male,PROD376,Pakistan,07-11-2023,7/13/2024,3,cancelled,859.4,2,17,Bluetooth Speaker,Electronics,4.0,0
ORD5177,CUST1177,21,Female,PROD377,Canada,11/19/2020,11-04-2022,4,paused,103.64,9,34,Cricket Bat,Sports,4.1,0
ORD5178,CUST1178,45,Female,PROD378,Canada,11/14/2021,7/19/2022,3,cancelled,993.48,2,18,Perfume,Beauty,4.0,0
ORD5179,CUST1179,48,Male,PROD379,Germany,7/24/2021,10-06-2021,2,active,348.34,2,15,Lipstick,Beauty,3.3,1
ORD5180,CUST1180,48,Male,PROD380,Pakistan,04-10-2023,05-01-2024,0,active,18.7,6,33,Microwave,Home,3.8,0
ORD5181,CUST1181,33,Male,PROD381,Pakistan,3/21/2023,4/17/2024,3,cancelled,1543.22,1,42,T-Shirt,Clothing,4.1,0
ORD5182,CUST1182,37,Male,PROD382,India,08-01-2021,7/28/2025,0,active,183.2,8,5,Headphones,Electronics,4.1,0
ORD5183,CUST1183,59,Male,PROD383,Canada,4/19/2021,10/14/2022,2,active,215.88,8,23,Smartwatch,Electronics,4.4,0
ORD5184,CUST1184,37,Male,PROD384,USA,07-09-2023,03-07-2025,3,active,1071.13,1,33,Running Shoes,Sports,4.3,0
ORD5185,CUST1185,47,Female,PROD385,Canada,6/22/2022,2/17/2025,2,active,22.07,9,9,Cricket Bat,Sports,4.3,0
ORD5186,CUST1186,62,Female,PROD386,Canada,08-08-2021,07-12-2025,5,active,200.21,4,10,Jacket,Clothing,4.4,0
ORD5187,CUST1187,26,Female,PROD387,India,05-06-2023,3/24/2025,1,cancelled,678.67,2,39,Tennis Racket,Sports,4.3,0
ORD5188,CUST1188,20,Female,PROD388,Pakistan,5/25/2021,10-10-2024,0,active,689.37,2,34,Microwave,Home,3.9,0
ORD5189,CUST1189,40,Male,PROD389,Germany,10/22/2022,2/26/2023,5,active,180.98,6,40,Skirt,Clothing,4.2,0
ORD5190,CUST1190,49,Female,PROD390,Pakistan,7/19/2021,01-02-2023,4,cancelled,148.34,5,7,Camera,Electronics,4.2,0
ORD5191,CUST1191,33,Male,PROD391,UK,2/15/2022,10/25/2022,4,cancelled,127.83,7,9,Bluetooth Speaker,Electronics,4.1,0
ORD5192,CUST1192,54,Other,PROD392,Pakistan,10-03-2021,2/14/2024,2,active,187.02,8,29,Lipstick,Beauty,4.3,0
ORD5193,CUST1193,28,Male,PROD393,Canada,8/14/2021,06-02-2023,5,active,175.71,7,26,T-Shirt,Clothing,3.7,1
ORD5194,CUST1194,36,Female,PROD394,Canada,05-10-2021,2/18/2022,2,cancelled,39.74,9,10,Conditioner,Beauty,4.1,0
ORD5195,CUST1195,57,Male,PROD395,India,7/19/2023,8/21/2024,0,active,199.73,6,46,Dumbbells,Sports,3.9,0
ORD5196,CUST1196,36,Male,PROD396,India,10-07-2020,12/19/2022,3,active,30.76,9,49,Jeans,Clothing,4.0,0
ORD5197,CUST1197,34,Male,PROD397,USA,10-01-2022,03-03-2023,2,active,429.25,4,45,Headphones,Electronics,4.2,0
ORD5198,CUST1198,39,Female,PROD398,USA,4/25/2022,03-06-2024,4,cancelled,122.72,9,35,Shirt,Clothing,4.4,0
ORD5199,CUST1199,32,Male,PROD399,Pakistan,10-11-2022,3/29/2023,4,active,504.16,3,43,Hoodie,Clothing,4.1,0
ORD5200,CUST1200,69,Female,PROD400,Germany,07-11-2021,9/19/2023,2,cancelled,483.12,4,23,Shampoo,Beauty,4.3,0
ORD5201,CUST1201,61,Male,PROD401,India,3/29/2023,06-02-2025,0,cancelled,138.92,6,47,Shirt,Clothing,3.8,0
ORD5202,CUST1202,68,Female,PROD402,UK,11-06-2021,12/27/2022,4,active,299.78,6,13,Vacuum Cleaner,Home,4.4,0
ORD5203,CUST1203,61,Other,PROD403,Germany,7/22/2021,3/15/2023,4,cancelled,296.68,6,6,Dress,Clothing,4.0,0
ORD5204,CUST1204,22,Female,PROD404,USA,05-12-2021,10/25/2023,0,active,63.16,2,13,Bluetooth Speaker,Electronics,4.4,0
ORD5205,CUST1205,58,Male,PROD405,India,8/20/2021,4/22/2025,2,cancelled,1484.8,1,13,Headphones,Electronics,4.0,0
ORD5206,CUST1206,59,Female,PROD406,Germany,11/24/2021,12-11-2023,1,active,263.02,6,26,Yoga Mat,Sports,4.2,0
ORD5207,CUST1207,32,Male,PROD407,India,7/16/2023,12-03-2023,1,active,1212.26,1,38,Vacuum Cleaner,Home,3.9,0
ORD5208,CUST1208,37,Male,PROD408,India,09-12-2022,8/17/2023,0,active,1790.4,1,33,Shirt,Clothing,3.7,1
ORD5209,CUST1209,30,Male,PROD409,Pakistan,04-12-2022,9/14/2024,2,active,582.62,2,6,Sneakers,Clothing,3.6,1
ORD5210,CUST1210,30,Female,PROD410,UK,3/14/2022,2/14/2023,0,active,181.32,2,40,Moisturizer,Beauty,4.0,0
ORD5211,CUST1211,65,Male,PROD411,UK,03-08-2022,2/18/2023,2,paused,174.87,9,34,Cricket Bat,Sports,3.5,1
ORD5212,CUST1212,48,Female,PROD412,Canada,4/26/2022,02-11-2024,4,cancelled,462.9,3,45,Refrigerator,Home,4.5,0
ORD5213,CUST1213,56,Female,PROD413,Pakistan,01-04-2021,7/26/2024,2,cancelled,490.01,3,40,Headphones,Electronics,4.2,0
ORD5214,CUST1214,29,Female,PROD414,Germany,10/26/2022,12/14/2023,0,cancelled,1068.34,1,36,Chair,Home,3.8,0
ORD5215,CUST1215,64,Male,PROD415,India,03-08-2021,5/19/2023,4,active,151.03,8,30,Smartphone,Electronics,3.8,0
ORD5216,CUST1216,48,Female,PROD416,Pakistan,11-06-2022,12/24/2022,3,active,152.35,8,32,Refrigerator,Home,4.1,0
ORD5217,CUST1217,59,Male,PROD417,Germany,4/27/2023,12-04-2023,5,active,277.17,7,3,Lipstick,Beauty,4.3,0
ORD5218,CUST1218,36,Female,PROD418,Canada,07-01-2022,2/28/2025,5,active,90.95,1,30,Moisturizer,Beauty,4.4,0
ORD5219,CUST1219,20,Female,PROD419,Canada,8/20/2023,12/29/2023,4,active,813.9,2,38,Cricket Bat,Sports,3.9,0
ORD5220,CUST1220,51,Female,PROD420,Pakistan,06-06-2022,07-12-2023,3,paused,262.87,3,27,Shampoo,Beauty,4.2,0
ORD5221,CUST1221,49,Female,PROD421,USA,10-01-2020,5/16/2025,2,active,173.2,8,45,Running Shoes,Sports,3.8,0
ORD5222,CUST1222,46,Female,PROD422,Canada,4/26/2022,5/31/2024,1,active,398.18,5,12,Perfume,Beauty,4.1,0
ORD5223,CUST1223,25,Female,PROD423,Pakistan,01-05-2023,10/20/2024,0,active,211.82,8,32,Moisturizer,Beauty,4.1,0
ORD5224,CUST1224,19,Female,PROD424,USA,10/27/2021,11-09-2024,1,active,255.77,6,21,Dumbbells,Sports,4.3,0
ORD5225,CUST1225,62,Female,PROD425,UK,2/27/2023,09-02-2024,5,active,63.52,8,7,Dumbbells,Sports,3.7,1
ORD5226,CUST1226,52,Female,PROD426,Germany,3/19/2021,09-12-2022,2,active,317.31,5,45,Cricket Bat,Sports,4.0,0
ORD5227,CUST1227,52,Other,PROD427,Germany,9/14/2021,5/26/2025,5,active,436.16,2,11,Cycling Helmet,Sports,4.2,0
ORD5228,CUST1228,47,Female,PROD428,Germany,3/16/2022,2/19/2023,0,active,366.64,4,13,Cycling Helmet,Sports,4.1,0
ORD5229,CUST1229,46,Male,PROD429,UK,7/25/2022,1/15/2025,2,active,347.76,4,27,Shirt,Clothing,4.3,0
ORD5230,CUST1230,18,Female,PROD430,India,6/21/2022,5/26/2023,1,active,220.93,8,38,Basketball,Sports,4.4,0
ORD5231,CUST1231,66,Female,PROD431,Pakistan,01-12-2023,06-01-2025,5,active,1331.03,1,33,Sofa,Home,4.3,0
ORD5232,CUST1232,54,Other,PROD432,UK,7/14/2022,10-06-2023,4,cancelled,134.4,5,30,Chair,Home,4.3,0
ORD5233,CUST1233,35,Female,PROD433,India,04-07-2022,06-02-2024,1,active,133.25,9,26,Sofa,Home,3.5,1
ORD5234,CUST1234,65,Male,PROD434,USA,11/16/2021,01-05-2025,1,cancelled,210.26,9,15,Cycling Helmet,Sports,3.9,0
ORD5235,CUST1235,22,Female,PROD435,Pakistan,9/22/2020,10/31/2022,0,cancelled,80.21,8,47,Vacuum Cleaner,Home,4.5,0
ORD5236,CUST1236,60,Female,PROD436,Pakistan,9/23/2021,7/16/2022,2,active,133.84,4,11,T-Shirt,Clothing,3.4,1
ORD5237,CUST1237,57,Female,PROD437,Germany,01-10-2023,10-07-2023,1,cancelled,286.69,4,28,Perfume,Beauty,4.0,0
ORD5238,CUST1238,37,Female,PROD438,Canada,11/29/2021,1/26/2023,2,active,55.18,8,3,Smartphone,Electronics,4.0,0
ORD5239,CUST1239,50,Female,PROD439,USA,12/27/2022,2/26/2025,5,active,25.75,7,8,Tennis Racket,Sports,4.4,0
ORD5240,CUST1240,22,Female,PROD440,Germany,5/21/2022,04-09-2023,5,active,7.42,6,22,Lamp,Home,4.0,0
ORD5241,CUST1241,46,Female,PROD441,Canada,9/16/2020,1/23/2022,0,active,430.28,4,39,Jeans,Clothing,4.3,0
ORD5242,CUST1242,59,Male,PROD442,India,05-09-2021,05-03-2025,2,active,307.95,3,40,Bluetooth Speaker,Electronics,4.0,0
ORD5243,CUST1243,53,Female,PROD443,Germany,12/18/2021,07-12-2022,2,active,235.7,1,5,Lipstick,Beauty,4.2,0
ORD5244,CUST1244,40,Female,PROD444,USA,10/17/2022,3/28/2024,5,active,174.95,8,23,Cycling Helmet,Sports,3.8,0
ORD5245,CUST1245,67,Female,PROD445,UK,10/31/2020,7/23/2021,0,active,232.39,4,40,Conditioner,Beauty,4.4,0
ORD5246,CUST1246,26,Male,PROD446,Germany,1/13/2021,3/16/2024,2,active,266.75,4,23,Vacuum Cleaner,Home,3.9,0
ORD5247,CUST1247,67,Female,PROD447,UK,11/18/2022,3/23/2025,5,active,32.82,2,39,Gaming Console,Electronics,4.2,0
ORD5248,CUST1248,23,Male,PROD448,USA,8/29/2021,11/21/2021,2,paused,597.36,3,11,Conditioner,Beauty,3.9,0
ORD5249,CUST1249,51,Female,PROD449,India,12/18/2022,12-07-2024,1,cancelled,147.45,8,18,Conditioner,Beauty,4.7,0
ORD5250,CUST1250,64,Female,PROD450,India,2/21/2021,11/16/2024,2,active,91.92,7,39,Running Shoes,Sports,3.6,1
ORD5251,CUST1251,42,Female,PROD451,Germany,5/20/2023,11-08-2024,2,active,89.68,6,39,Skirt,Clothing,3.7,1
ORD5252,CUST1252,23,Male,PROD452,Pakistan,5/13/2021,4/17/2024,1,paused,269.62,5,6,Blender,Home,4.2,0
ORD5253,CUST1253,57,Female,PROD453,India,02-12-2021,05-11-2021,0,active,214.01,1,37,Jeans,Clothing,4.0,0
ORD5254,CUST1254,29,Male,PROD454,India,09-12-2022,3/28/2025,0,active,368.2,2,24,Headphones,Electronics,3.6,1
ORD5255,CUST1255,60,Female,PROD455,USA,02-09-2023,12/18/2023,5,paused,560.24,2,40,Cricket Bat,Sports,4.3,0
ORD5256,CUST1256,22,Female,PROD456,Germany,5/28/2021,09-10-2024,2,active,262.89,1,44,Dumbbells,Sports,4.2,0
ORD5257,CUST1257,56,Male,PROD457,Canada,10/18/2021,1/24/2025,2,cancelled,113.52,8,14,Football,Sports,4.3,0
ORD5258,CUST1258,65,Female,PROD458,India,09-02-2020,4/20/2025,2,active,78.71,7,35,Dining Table,Home,4.2,0
ORD5259,CUST1259,40,Male,PROD459,USA,2/18/2021,4/17/2025,0,active,283.52,3,48,Smartphone,Electronics,4.2,0
ORD5260,CUST1260,34,Female,PROD460,UK,12/14/2022,08-06-2023,1,active,174.45,9,14,Headphones,Electronics,4.4,0
ORD5261,CUST1261,36,Female,PROD461,UK,09-02-2022,08-01-2025,5,paused,165.34,6,8,Skirt,Clothing,4.2,0
ORD5262,CUST1262,46,Female,PROD462,India,04-03-2023,9/29/2023,1,active,274.67,4,25,Conditioner,Beauty,4.4,0
ORD5263,CUST1263,65,Male,PROD463,UK,09-02-2020,03-05-2023,5,paused,73.91,5,28,Smartwatch,Electronics,3.0,1
ORD5264,CUST1264,31,Female,PROD464,Pakistan,7/22/2022,5/30/2024,3,cancelled,330.52,2,37,Foundation,Beauty,4.5,0
ORD5265,CUST1265,57,Female,PROD465,Germany,2/27/2023,11/18/2024,3,cancelled,1865.18,1,47,Lipstick,Beauty,4.3,0
ORD5266,CUST1266,32,Male,PROD466,Pakistan,4/25/2023,03-07-2024,1,paused,1624.53,1,16,Skirt,Clothing,4.2,0
ORD5267,CUST1267,47,Male,PROD467,India,7/28/2022,1/19/2024,2,active,222.38,3,12,Lamp,Home,4.4,0
ORD5268,CUST1268,28,Male,PROD468,USA,10/29/2022,03-02-2025,3,active,190.6,8,1,Jeans,Clothing,4.0,0
ORD5269,CUST1269,58,Female,PROD469,UK,11/30/2021,9/19/2022,3,cancelled,157.4,4,45,Blender,Home,3.8,0
ORD5270,CUST1270,27,Female,PROD470,Germany,05-04-2021,11/14/2022,1,cancelled,97.56,7,17,Dress,Clothing,4.3,0
ORD5271,CUST1271,52,Female,PROD471,India,11-06-2021,03-05-2025,4,paused,43.76,8,38,Skirt,Clothing,4.2,0
ORD5272,CUST1272,28,Female,PROD472,USA,10/31/2022,3/27/2023,3,active,238.3,8,41,Vacuum Cleaner,Home,4.1,0
ORD5273,CUST1273,53,Female,PROD473,Pakistan,3/28/2021,03-06-2023,1,active,247.28,6,49,Moisturizer,Beauty,4.0,0
ORD5274,CUST1274,61,Female,PROD474,USA,8/31/2021,2/18/2022,0,active,341.04,3,1,Dining Table,Home,4.2,0
ORD5275,CUST1275,53,Female,PROD475,Germany,09-06-2021,4/21/2022,3,active,730.44,2,46,Moisturizer,Beauty,3.3,1
ORD5276,CUST1276,59,Female,PROD476,UK,5/29/2022,8/22/2024,3,cancelled,14.55,8,12,Headphones,Electronics,4.3,0
ORD5277,CUST1277,33,Female,PROD477,India,12-09-2022,5/18/2024,4,active,224.89,6,30,Dining Table,Home,3.8,0
ORD5278,CUST1278,53,Female,PROD478,UK,05-06-2023,4/18/2025,0,paused,244.49,7,41,Bluetooth Speaker,Electronics,4.2,0
ORD5279,CUST1279,47,Male,PROD479,Germany,10/14/2020,09-09-2023,4,cancelled,284.09,2,49,Running Shoes,Sports,3.7,1
ORD5280,CUST1280,52,Male,PROD480,Canada,10/20/2022,06-05-2023,5,active,239.57,4,14,Bluetooth Speaker,Electronics,4.3,0
ORD5281,CUST1281,59,Female,PROD481,UK,04-04-2021,08-03-2021,0,cancelled,102.62,3,23,Yoga Mat,Sports,3.9,0
ORD5282,CUST1282,63,Male,PROD482,Pakistan,5/15/2023,08-09-2025,2,active,26.61,8,28,Headphones,Electronics,3.0,1
ORD5283,CUST1283,29,Male,PROD483,Canada,07-09-2021,10/23/2021,4,active,281.71,5,28,Camera,Electronics,4.3,0
ORD5284,CUST1284,45,Male,PROD484,Germany,11-06-2020,08-10-2025,1,paused,498.41,3,23,Hoodie,Clothing,3.5,1
ORD5285,CUST1285,54,Female,PROD485,India,5/22/2021,5/29/2023,3,cancelled,150.77,7,39,Jacket,Clothing,3.9,0
ORD5286,CUST1286,28,Male,PROD486,UK,11/27/2021,01-07-2024,2,paused,112.52,7,24,Jacket,Clothing,4.0,0
ORD5287,CUST1287,45,Female,PROD487,UK,04-09-2022,7/29/2025,3,active,194.81,9,15,Vacuum Cleaner,Home,4.3,0
ORD5288,CUST1288,28,Male,PROD488,Pakistan,02-12-2022,04-07-2024,1,active,209.41,5,8,Perfume,Beauty,3.8,0
ORD5289,CUST1289,29,Other,PROD489,USA,04-08-2021,12/23/2021,0,cancelled,494.41,2,22,Shampoo,Beauty,4.3,0
ORD5290,CUST1290,47,Male,PROD490,Pakistan,2/25/2023,04-05-2025,2,active,187.03,5,7,Lamp,Home,3.3,1
ORD5291,CUST1291,41,Female,PROD491,Germany,3/28/2023,7/28/2023,4,active,314.88,4,47,Football,Sports,4.5,0
ORD5292,CUST1292,37,Male,PROD492,India,12/13/2021,12/16/2021,5,cancelled,233.87,5,19,Laptop,Electronics,4.1,0
ORD5293,CUST1293,58,Male,PROD493,UK,01-05-2023,1/16/2023,4,active,171.07,6,6,Cycling Helmet,Sports,4.2,0
ORD5294,CUST1294,38,Male,PROD494,Canada,10-05-2020,09-08-2021,5,active,155.44,5,29,Moisturizer,Beauty,4.1,0
ORD5295,CUST1295,68,Male,PROD495,UK,1/15/2023,05-06-2025,0,active,789.5,2,14,Shampoo,Beauty,4.4,0
ORD5296,CUST1296,38,Female,PROD496,UK,06-09-2022,06-09-2025,2,active,232.75,8,5,Smartwatch,Electronics,4.2,0
ORD5297,CUST1297,66,Male,PROD497,Pakistan,03-08-2021,8/21/2024,5,paused,1786.22,1,2,Dress,Clothing,3.9,0
ORD5298,CUST1298,42,Female,PROD498,USA,03-01-2021,05-12-2023,3,cancelled,216.99,8,15,T-Shirt,Clothing,4.0,0
ORD5299,CUST1299,45,Male,PROD499,Pakistan,2/28/2021,12/31/2023,5,cancelled,10.88,9,38,Camera,Electronics,4.5,0
ORD5300,CUST1300,19,Female,PROD500,Canada,8/14/2023,11-02-2024,1,active,1226.18,1,25,Conditioner,Beauty,3.7,1
ORD5301,CUST1301,65,Female,PROD501,USA,08-08-2023,3/26/2024,2,active,460.02,4,7,Sofa,Home,4.2,0
ORD5302,CUST1302,55,Female,PROD502,USA,7/28/2023,8/28/2023,3,paused,217.3,7,21,Cricket Bat,Sports,4.2,0
ORD5303,CUST1303,45,Female,PROD503,Germany,09-12-2022,6/28/2024,1,cancelled,120.62,5,11,Gaming Console,Electronics,4.2,0
ORD5304,CUST1304,35,Male,PROD504,India,10/14/2021,06-08-2023,5,active,90.23,4,6,Smartwatch,Electronics,4.3,0
ORD5305,CUST1305,26,Male,PROD505,Germany,7/28/2021,10/30/2022,3,active,737.62,2,31,Smartwatch,Electronics,4.4,0
ORD5306,CUST1306,56,Female,PROD506,USA,11/13/2022,4/29/2023,4,active,658.94,2,47,Smartphone,Electronics,4.2,0
ORD5307,CUST1307,40,Male,PROD507,Canada,1/17/2022,06-05-2022,0,paused,121.19,3,20,Face Wash,Beauty,4.3,0
ORD5308,CUST1308,57,Male,PROD508,Germany,04-08-2021,12/14/2021,4,active,583.41,3,49,Dumbbells,Sports,3.7,1
ORD5309,CUST1309,57,Female,PROD509,UK,9/29/2020,10/26/2024,3,active,242.39,6,20,Cricket Bat,Sports,4.3,0
ORD5310,CUST1310,21,Female,PROD510,Germany,3/16/2021,1/22/2023,4,cancelled,84.73,7,6,Camera,Electronics,4.2,0
ORD5311,CUST1311,31,Female,PROD511,Germany,9/19/2020,8/28/2021,3,paused,399.32,4,25,Cricket Bat,Sports,4.4,0
ORD5312,CUST1312,52,Female,PROD512,UK,12-01-2020,10/27/2024,0,active,96.56,7,49,Microwave,Home,3.5,1
ORD5313,CUST1313,27,Other,PROD513,Pakistan,10/21/2021,10/29/2023,4,active,211.81,6,30,Shirt,Clothing,4.1,0
ORD5314,CUST1314,32,Male,PROD514,Canada,01-08-2021,02-03-2025,1,active,227.67,5,15,Smartwatch,Electronics,4.3,0
ORD5315,CUST1315,55,Male,PROD515,Pakistan,08-02-2021,8/28/2024,5,cancelled,65.36,3,49,Perfume,Beauty,4.2,0
ORD5316,CUST1316,37,Female,PROD516,Canada,03-02-2022,10/23/2023,2,cancelled,51.02,6,32,Nail Polish,Beauty,4.0,0
ORD5317,CUST1317,19,Female,PROD517,Germany,05-08-2023,9/16/2023,4,active,462.3,2,6,Blender,Home,3.9,0
ORD5318,CUST1318,59,Female,PROD518,USA,12-11-2022,12-09-2023,1,cancelled,126.46,9,48,Perfume,Beauty,3.3,1
ORD5319,CUST1319,67,Male,PROD519,India,8/20/2023,7/22/2024,4,cancelled,65.2,5,32,Dining Table,Home,3.8,0
ORD5320,CUST1320,31,Female,PROD520,Germany,03-07-2023,9/24/2023,2,paused,116.64,4,46,Cricket Bat,Sports,4.0,0
ORD5321,CUST1321,19,Male,PROD521,USA,04-07-2023,10-05-2024,0,active,140.63,6,23,Microwave,Home,4.3,0
ORD5322,CUST1322,41,Female,PROD522,India,8/27/2022,12-04-2022,5,cancelled,152.53,4,49,Bluetooth Speaker,Electronics,3.9,0
ORD5323,CUST1323,59,Female,PROD523,Pakistan,7/23/2022,8/19/2024,3,active,285.44,7,46,Dumbbells,Sports,4.2,0
ORD5324,CUST1324,61,Male,PROD524,India,7/27/2023,8/20/2023,5,active,136.3,3,29,Perfume,Beauty,5.0,0
ORD5325,CUST1325,46,Other,PROD525,Canada,09-10-2020,10-01-2024,4,cancelled,556.7,2,39,Gaming Console,Electronics,4.1,0
ORD5326,CUST1326,19,Female,PROD526,UK,10-11-2021,10/26/2024,2,active,231.25,6,39,Jeans,Clothing,3.9,0
ORD5327,CUST1327,44,Female,PROD527,Pakistan,11-02-2021,7/18/2022,4,active,105.05,6,15,Shampoo,Beauty,4.2,0
ORD5328,CUST1328,64,Male,PROD528,Pakistan,4/22/2022,8/30/2022,1,active,11.73,5,49,Smartwatch,Electronics,4.3,0
ORD5329,CUST1329,66,Female,PROD529,India,09-12-2021,5/19/2022,0,active,230.61,8,9,Basketball,Sports,3.8,0
ORD5330,CUST1330,60,Female,PROD530,Germany,12-08-2021,04-08-2023,2,active,188.23,8,13,Tablet,Electronics,4.3,0
ORD5331,CUST1331,36,Female,PROD531,Canada,5/28/2022,11/16/2023,0,active,28.65,6,27,Vacuum Cleaner,Home,4.4,0
ORD5332,CUST1332,49,Male,PROD532,Canada,08-10-2022,12-08-2024,2,active,175.42,8,2,Smartwatch,Electronics,4.3,0
ORD5333,CUST1333,45,Female,PROD533,Pakistan,07-11-2023,2/19/2025,4,active,180.09,8,25,Foundation,Beauty,4.3,0
ORD5334,CUST1334,54,Male,PROD534,UK,02-08-2021,11/20/2024,4,active,284.73,7,47,Blender,Home,4.2,0
ORD5335,CUST1335,22,Female,PROD535,Germany,12/24/2021,5/15/2022,0,cancelled,231.43,3,38,Basketball,Sports,4.3,0
ORD5336,CUST1336,22,Female,PROD536,UK,8/24/2021,01-08-2025,5,active,137.29,7,2,Cricket Bat,Sports,3.8,0
ORD5337,CUST1337,22,Female,PROD537,USA,7/19/2023,12-04-2024,0,paused,210.01,7,9,Shirt,Clothing,4.3,0
ORD5338,CUST1338,45,Female,PROD538,UK,6/14/2022,5/15/2024,3,paused,348.76,4,16,Gaming Console,Electronics,4.0,0
ORD5339,CUST1339,40,Female,PROD539,UK,9/13/2022,11-10-2023,2,active,219.21,4,23,Laptop,Electronics,4.3,0
ORD5340,CUST1340,21,Female,PROD540,Canada,3/15/2023,3/27/2025,1,active,104.03,7,27,Vacuum Cleaner,Home,4.3,0
ORD5341,CUST1341,27,Male,PROD541,Pakistan,10-08-2021,5/30/2022,2,active,360.74,5,10,Face Wash,Beauty,4.0,0
ORD5342,CUST1342,57,Male,PROD542,Canada,01-09-2021,2/16/2022,1,active,208.01,8,44,Blender,Home,4.0,0
ORD5343,CUST1343,59,Male,PROD543,Canada,2/16/2023,7/30/2023,5,active,235.36,5,30,Camera,Electronics,4.4,0
ORD5344,CUST1344,21,Male,PROD544,USA,4/14/2021,6/23/2025,0,active,6.45,7,37,Conditioner,Beauty,4.1,0
ORD5345,CUST1345,35,Male,PROD545,UK,12/26/2021,12-09-2022,4,active,205.55,2,15,Laptop,Electronics,4.0,0
ORD5346,CUST1346,37,Female,PROD546,Germany,10/14/2021,12-05-2022,2,active,224.15,1,7,Smartwatch,Electronics,3.9,0
ORD5347,CUST1347,26,Female,PROD547,Pakistan,10-12-2020,01-02-2024,1,active,115.98,2,4,Blender,Home,4.1,0
ORD5348,CUST1348,41,Male,PROD548,Germany,9/27/2021,8/19/2023,0,cancelled,26.33,1,11,Laptop,Electronics,4.2,0
ORD5349,CUST1349,43,Male,PROD549,Canada,05-01-2023,11/25/2024,1,active,172.3,6,8,Basketball,Sports,3.9,0
ORD5350,CUST1350,61,Female,PROD550,UK,6/18/2021,1/22/2024,3,active,374.37,5,36,Blender,Home,4.0,0
ORD5351,CUST1351,51,Female,PROD551,Pakistan,10/28/2021,2/17/2022,0,cancelled,296.71,6,2,Jeans,Clothing,4.0,0
ORD5352,CUST1352,57,Female,PROD552,USA,11/18/2021,8/14/2025,4,cancelled,575.92,3,14,Skirt,Clothing,4.1,0
ORD5353,CUST1353,34,Female,PROD553,Germany,3/20/2021,09-09-2022,2,cancelled,214.73,7,49,Tablet,Electronics,4.4,0
ORD5354,CUST1354,22,Female,PROD554,UK,12/18/2022,07-10-2024,4,cancelled,416.03,3,8,Dining Table,Home,4.2,0
ORD5355,CUST1355,50,Male,PROD555,Pakistan,11/19/2020,11/28/2022,0,cancelled,219.47,6,38,Football,Sports,4.3,0
ORD5356,CUST1356,66,Female,PROD556,UK,11-03-2020,03-11-2025,0,active,34.42,7,29,Lipstick,Beauty,4.3,0
ORD5357,CUST1357,66,Male,PROD557,UK,8/21/2021,2/15/2023,3,active,128.99,9,29,Blender,Home,3.9,0
ORD5358,CUST1358,47,Female,PROD558,Canada,09-12-2020,2/14/2023,0,active,148.19,8,26,Dress,Clothing,4.4,0
ORD5359,CUST1359,39,Female,PROD559,India,12-06-2021,5/28/2025,5,cancelled,343.33,5,44,Running Shoes,Sports,4.0,0
ORD5360,CUST1360,48,Female,PROD560,India,08-01-2023,7/31/2024,5,active,146.28,4,36,Sneakers,Clothing,4.2,0
ORD5361,CUST1361,23,Male,PROD561,India,08-05-2022,10/30/2022,1,cancelled,165.06,9,48,Sneakers,Clothing,4.1,0
ORD5362,CUST1362,18,Female,PROD562,Germany,06-11-2021,10/24/2021,1,active,222.3,8,3,Vacuum Cleaner,Home,4.4,0
ORD5363,CUST1363,29,Female,PROD563,UK,10/19/2021,10/21/2023,4,cancelled,662.89,3,9,Vacuum Cleaner,Home,4.1,0
ORD5364,CUST1364,21,Female,PROD564,Germany,10/23/2020,1/29/2021,5,cancelled,134.18,9,41,Shampoo,Beauty,4.2,0
ORD5365,CUST1365,32,Male,PROD565,Pakistan,02-01-2021,10/15/2022,4,active,57.06,4,21,Camera,Electronics,4.2,0
ORD5366,CUST1366,60,Female,PROD566,India,2/22/2022,10/20/2023,3,active,668.04,2,17,Smartphone,Electronics,4.1,0
ORD5367,CUST1367,27,Female,PROD567,Pakistan,02-12-2021,7/23/2024,3,active,348.12,4,24,Lamp,Home,4.0,0
ORD5368,CUST1368,66,Male,PROD568,USA,05-06-2023,6/27/2025,3,cancelled,76.13,7,7,Skirt,Clothing,4.2,0
ORD5369,CUST1369,27,Female,PROD569,USA,05-09-2021,4/18/2023,4,active,89.75,7,22,Sneakers,Clothing,4.2,0
ORD5370,CUST1370,37,Male,PROD570,UK,9/30/2021,9/23/2024,1,active,390.53,5,16,Basketball,Sports,4.1,0
ORD5371,CUST1371,43,Female,PROD571,Canada,1/19/2023,6/20/2025,5,active,725.84,2,24,Vacuum Cleaner,Home,4.1,0
ORD5372,CUST1372,63,Male,PROD572,Germany,10/18/2022,12-02-2024,4,active,604.52,3,7,Camera,Electronics,4.2,0
ORD5373,CUST1373,64,Female,PROD573,Germany,10/20/2021,4/23/2024,2,active,316.46,6,37,Dumbbells,Sports,4.0,0
ORD5374,CUST1374,19,Male,PROD574,India,4/14/2021,11/16/2023,4,cancelled,75.21,6,38,Microwave,Home,4.3,0
ORD5375,CUST1375,63,Male,PROD575,Germany,5/29/2022,09-01-2023,5,paused,399.54,4,17,Face Wash,Beauty,4.3,0
ORD5376,CUST1376,56,Female,PROD576,Germany,4/13/2022,02-07-2024,5,active,12.03,7,42,T-Shirt,Clothing,4.1,0
ORD5377,CUST1377,33,Male,PROD577,Germany,7/28/2021,10-08-2024,3,active,54.72,4,34,Dining Table,Home,4.0,0
ORD5378,CUST1378,48,Male,PROD578,Canada,04-10-2022,12-03-2024,1,active,122.74,5,40,Tablet,Electronics,4.1,0
ORD5379,CUST1379,47,Female,PROD579,Germany,12/14/2021,03-01-2023,1,paused,23.7,6,48,Headphones,Electronics,3.9,0
ORD5380,CUST1380,46,Male,PROD580,India,07-10-2023,10-08-2023,1,paused,181.5,3,20,Refrigerator,Home,4.2,0
ORD5381,CUST1381,66,Female,PROD581,Germany,7/22/2023,7/28/2025,3,active,195.6,2,45,Conditioner,Beauty,4.0,0
ORD5382,CUST1382,60,Female,PROD582,Pakistan,1/13/2021,5/15/2025,5,cancelled,107.92,9,14,Lipstick,Beauty,4.4,0
ORD5383,CUST1383,39,Female,PROD583,UK,5/26/2023,7/25/2024,2,active,577.66,3,18,Camera,Electronics,4.2,0
ORD5384,CUST1384,31,Male,PROD584,Pakistan,5/18/2022,05-09-2024,5,active,81.15,7,41,Basketball,Sports,3.8,0
ORD5385,CUST1385,26,Female,PROD585,UK,05-05-2023,03-04-2024,4,paused,68.54,8,18,Gaming Console,Electronics,4.3,0
ORD5386,CUST1386,34,Male,PROD586,India,10/27/2022,03-03-2023,3,cancelled,193.43,8,23,Running Shoes,Sports,4.2,0
ORD5387,CUST1387,44,Male,PROD587,UK,1/18/2022,5/15/2022,5,active,276.7,6,22,Blender,Home,3.9,0
ORD5388,CUST1388,61,Male,PROD588,Germany,12/31/2021,3/30/2022,0,cancelled,51.83,2,12,Basketball,Sports,4.4,0
ORD5389,CUST1389,46,Female,PROD589,UK,12/16/2020,3/31/2021,1,active,133.73,8,33,Vacuum Cleaner,Home,4.0,0
ORD5390,CUST1390,64,Male,PROD590,UK,01-08-2022,06-05-2025,4,paused,52.44,4,34,Smartphone,Electronics,4.0,0
ORD5391,CUST1391,60,Female,PROD591,India,7/30/2021,01-05-2024,0,active,1499.71,1,29,Cricket Bat,Sports,3.8,0
ORD5392,CUST1392,66,Male,PROD592,Canada,03-08-2022,4/26/2024,1,paused,562.84,3,26,Foundation,Beauty,4.2,0
ORD5393,CUST1393,62,Female,PROD593,India,04-02-2021,4/19/2021,0,active,1366.86,1,45,Lamp,Home,4.2,0
ORD5394,CUST1394,43,Female,PROD594,USA,5/14/2022,5/28/2022,3,active,290.28,6,38,Smartphone,Electronics,4.4,0
ORD5395,CUST1395,60,Male,PROD595,India,9/29/2022,7/31/2023,1,active,134.53,9,45,Dumbbells,Sports,4.2,0
ORD5396,CUST1396,52,Female,PROD596,India,1/25/2021,11/24/2021,0,active,434.16,2,43,Dumbbells,Sports,4.0,0
ORD5397,CUST1397,55,Female,PROD597,Canada,1/23/2021,9/24/2022,0,paused,44.89,7,2,Perfume,Beauty,4.3,0
ORD5398,CUST1398,63,Other,PROD598,Pakistan,7/14/2021,3/25/2025,0,paused,158.19,7,15,Face Wash,Beauty,4.1,0
ORD5399,CUST1399,43,Female,PROD599,Pakistan,10-03-2022,1/23/2024,3,cancelled,130.46,7,17,Yoga Mat,Sports,4.1,0
ORD5400,CUST1400,68,Female,PROD600,Germany,12-03-2021,8/14/2024,5,active,90.5,4,32,Gaming Console,Electronics,4.1,0
ORD5401,CUST1401,60,Male,PROD601,Pakistan,08-12-2023,2/22/2024,0,cancelled,132.55,3,25,Sneakers,Clothing,4.1,0
ORD5402,CUST1402,27,Female,PROD602,Germany,05-12-2021,08-07-2023,2,cancelled,315.0,2,25,Laptop,Electronics,4.4,0
ORD5403,CUST1403,31,Male,PROD603,India,3/15/2022,11-12-2022,0,active,19.5,6,14,Microwave,Home,3.9,0
ORD5404,CUST1404,52,Female,PROD604,India,10-11-2022,9/19/2023,5,active,74.49,7,4,Headphones,Electronics,4.3,0
ORD5405,CUST1405,40,Male,PROD605,India,09-05-2020,6/26/2024,0,paused,539.41,3,33,Skirt,Clothing,4.0,0
ORD5406,CUST1406,66,Female,PROD606,USA,08-11-2023,03-04-2025,2,active,101.02,7,19,T-Shirt,Clothing,4.3,0
ORD5407,CUST1407,22,Female,PROD607,UK,03-11-2022,8/23/2023,2,cancelled,1263.8,1,6,Lipstick,Beauty,4.0,0
ORD5408,CUST1408,56,Male,PROD608,USA,03-06-2023,7/26/2024,0,active,643.24,3,44,Face Wash,Beauty,3.6,1
ORD5409,CUST1409,61,Female,PROD609,USA,5/31/2023,02-07-2025,5,paused,217.29,8,7,Lamp,Home,4.1,0
ORD5410,CUST1410,61,Male,PROD610,Germany,10/23/2021,10-01-2022,5,active,94.79,8,1,Moisturizer,Beauty,4.2,0
ORD5411,CUST1411,64,Female,PROD611,Germany,3/19/2022,08-12-2025,0,active,305.8,5,23,Tablet,Electronics,4.1,0
ORD5412,CUST1412,65,Female,PROD612,Pakistan,09-11-2020,08-07-2025,3,active,41.08,4,18,Headphones,Electronics,4.1,0
ORD5413,CUST1413,58,Male,PROD613,India,3/23/2023,11-04-2024,1,active,155.84,8,29,Tennis Racket,Sports,4.0,0
ORD5414,CUST1414,33,Male,PROD614,UK,06-09-2023,10/25/2024,2,active,410.16,3,31,Jacket,Clothing,4.0,0
ORD5415,CUST1415,24,Female,PROD615,Germany,05-10-2022,06-11-2024,1,active,350.48,3,32,Sneakers,Clothing,3.5,1
ORD5416,CUST1416,62,Male,PROD616,Pakistan,10/28/2022,01-10-2024,0,active,216.64,8,32,Face Wash,Beauty,4.3,0
ORD5417,CUST1417,42,Male,PROD617,India,6/15/2021,07-09-2025,4,active,75.2,6,11,Perfume,Beauty,4.1,0
ORD5418,CUST1418,22,Female,PROD618,UK,04-07-2023,07-08-2025,3,active,17.09,7,4,Shampoo,Beauty,4.1,0
ORD5419,CUST1419,65,Female,PROD619,Canada,03-06-2022,12/17/2023,1,paused,4.22,9,31,Sneakers,Clothing,4.1,0
ORD5420,CUST1420,39,Other,PROD620,Canada,02-04-2021,1/19/2024,4,paused,89.67,2,35,Lipstick,Beauty,4.1,0
ORD5421,CUST1421,37,Male,PROD621,USA,5/15/2022,1/16/2025,2,active,57.72,4,11,Vacuum Cleaner,Home,3.8,0
ORD5422,CUST1422,40,Female,PROD622,Germany,06-07-2022,9/26/2024,1,active,288.26,5,32,Jacket,Clothing,4.3,0
ORD5423,CUST1423,21,Male,PROD623,Pakistan,07-08-2023,2/20/2025,2,active,37.13,8,9,Skirt,Clothing,4.0,0
ORD5424,CUST1424,55,Female,PROD624,Canada,08-09-2021,9/22/2024,5,cancelled,1799.69,1,39,Smartphone,Electronics,4.2,0
ORD5425,CUST1425,26,Male,PROD625,Canada,6/27/2023,12/19/2023,1,active,367.19,3,49,Headphones,Electronics,4.1,0
ORD5426,CUST1426,27,Female,PROD626,UK,05-08-2023,9/15/2024,4,paused,174.1,7,40,Shirt,Clothing,4.1,0
ORD5427,CUST1427,35,Female,PROD627,USA,07-11-2022,12/22/2024,3,cancelled,208.23,7,3,Laptop,Electronics,4.1,0
ORD5428,CUST1428,19,Male,PROD628,USA,07-04-2022,1/17/2025,2,active,106.21,8,40,Conditioner,Beauty,4.3,0
ORD5429,CUST1429,54,Female,PROD629,Germany,04-06-2023,01-10-2024,5,cancelled,93.51,9,19,Moisturizer,Beauty,3.9,0
ORD5430,CUST1430,57,Female,PROD630,India,1/16/2021,12/13/2024,0,cancelled,409.61,3,41,Basketball,Sports,4.0,0
ORD5431,CUST1431,41,Female,PROD631,UK,8/24/2022,12/19/2023,5,active,397.5,2,23,Moisturizer,Beauty,4.5,0
ORD5432,CUST1432,25,Male,PROD632,India,12/21/2022,06-07-2023,4,cancelled,65.33,6,15,Shirt,Clothing,4.0,0
ORD5433,CUST1433,48,Female,PROD633,Pakistan,01-08-2022,12-03-2022,3,active,83.72,5,40,Dumbbells,Sports,4.0,0
ORD5434,CUST1434,43,Male,PROD634,Germany,8/29/2021,4/28/2023,0,cancelled,368.73,3,5,Chair,Home,4.1,0
ORD5435,CUST1435,54,Male,PROD635,Germany,7/26/2021,11/26/2023,5,paused,148.77,9,48,Sneakers,Clothing,4.1,0
ORD5436,CUST1436,50,Male,PROD636,Pakistan,7/24/2022,04-02-2024,1,active,302.58,6,37,Shampoo,Beauty,3.9,0
ORD5437,CUST1437,54,Female,PROD637,Pakistan,04-03-2022,07-10-2024,0,active,34.76,8,13,Skirt,Clothing,4.1,0
ORD5438,CUST1438,59,Other,PROD638,Pakistan,2/15/2023,03-05-2024,3,cancelled,347.58,4,11,Moisturizer,Beauty,4.1,0
ORD5439,CUST1439,32,Male,PROD639,USA,7/16/2022,4/28/2024,1,active,43.74,4,31,Dining Table,Home,4.0,0
ORD5440,CUST1440,34,Female,PROD640,USA,5/15/2022,01-12-2025,5,active,123.64,1,36,Skirt,Clothing,4.3,0
ORD5441,CUST1441,67,Male,PROD641,India,2/13/2022,2/15/2023,1,active,96.8,6,18,Headphones,Electronics,4.0,0
ORD5442,CUST1442,67,Female,PROD642,Pakistan,10/30/2020,02-09-2025,2,active,64.18,3,10,Headphones,Electronics,4.1,0
ORD5443,CUST1443,39,Female,PROD643,UK,05-01-2023,8/17/2023,2,active,1409.68,1,20,Running Shoes,Sports,4.2,0
ORD5444,CUST1444,31,Male,PROD644,India,03-03-2023,01-10-2025,5,active,276.06,6,19,Sofa,Home,4.0,0
ORD5445,CUST1445,56,Male,PROD645,UK,9/30/2022,05-07-2024,0,active,104.88,8,49,Camera,Electronics,4.1,0
ORD5446,CUST1446,39,Female,PROD646,Pakistan,08-01-2023,09-07-2023,0,cancelled,552.26,1,18,Camera,Electronics,4.2,0
ORD5447,CUST1447,61,Female,PROD647,Pakistan,06-10-2022,10/29/2022,0,active,1510.04,1,30,Blender,Home,4.6,0
ORD5448,CUST1448,29,Female,PROD648,Germany,12/13/2020,11-06-2024,5,active,300.19,3,4,Smartwatch,Electronics,4.0,0
ORD5449,CUST1449,38,Male,PROD649,UK,4/30/2021,04-10-2024,3,paused,90.89,9,32,Cricket Bat,Sports,4.0,0
ORD5450,CUST1450,34,Male,PROD650,Germany,07-06-2022,10-12-2022,0,active,260.15,1,45,Jeans,Clothing,4.3,0
ORD5451,CUST1451,25,Male,PROD651,Pakistan,06-12-2023,10/21/2024,1,active,38.72,8,32,Shampoo,Beauty,4.3,0
ORD5452,CUST1452,22,Male,PROD652,India,2/20/2021,8/25/2022,4,paused,178.02,6,48,Chair,Home,4.2,0
ORD5453,CUST1453,44,Female,PROD653,Germany,10-04-2022,07-11-2024,4,paused,388.51,2,32,Dumbbells,Sports,4.0,0
ORD5454,CUST1454,45,Female,PROD654,Pakistan,02-01-2023,5/26/2023,2,cancelled,191.94,9,40,Blender,Home,4.2,0
ORD5455,CUST1455,65,Female,PROD655,India,11/21/2022,10-05-2024,4,active,48.2,9,32,Shirt,Clothing,4.0,0
ORD5456,CUST1456,64,Female,PROD656,India,2/27/2023,04-11-2024,2,active,25.98,6,44,Dining Table,Home,4.1,0
ORD5457,CUST1457,52,Male,PROD657,USA,06-04-2022,06-10-2024,2,active,391.53,3,2,Nail Polish,Beauty,3.9,0
ORD5458,CUST1458,25,Female,PROD658,Pakistan,6/13/2023,4/29/2025,1,active,455.29,3,41,Dumbbells,Sports,3.8,0
ORD5459,CUST1459,50,Female,PROD659,Pakistan,06-10-2021,8/21/2022,2,active,1137.99,1,16,Lamp,Home,4.7,0
ORD5460,CUST1460,66,Female,PROD660,India,11/26/2022,03-05-2024,4,active,207.28,8,14,Foundation,Beauty,4.3,0
ORD5461,CUST1461,66,Female,PROD661,India,9/25/2021,5/16/2024,5,cancelled,324.54,6,40,Refrigerator,Home,4.2,0
ORD5462,CUST1462,24,Female,PROD662,Canada,11/24/2020,2/22/2021,0,active,206.15,5,10,Shampoo,Beauty,4.1,0
ORD5463,CUST1463,46,Male,PROD663,Canada,3/14/2021,06-05-2023,1,paused,1493.98,1,21,Smartphone,Electronics,3.3,1
ORD5464,CUST1464,39,Male,PROD664,India,1/16/2022,05-07-2025,5,paused,553.36,2,10,Sneakers,Clothing,4.4,0
ORD5465,CUST1465,26,Female,PROD665,Pakistan,10/13/2021,02-07-2022,3,active,178.28,6,41,Vacuum Cleaner,Home,4.0,0
ORD5466,CUST1466,36,Female,PROD666,India,03-11-2023,1/16/2024,5,cancelled,638.11,1,25,Tablet,Electronics,4.2,0
ORD5467,CUST1467,37,Female,PROD667,India,8/18/2021,12/14/2021,1,active,225.32,8,34,Blender,Home,4.5,0
ORD5468,CUST1468,35,Female,PROD668,Canada,9/22/2021,02-09-2023,2,active,133.5,9,49,Basketball,Sports,4.6,0
ORD5469,CUST1469,44,Male,PROD669,Germany,02-12-2023,8/29/2023,2,cancelled,213.51,6,19,Football,Sports,4.2,0
ORD5470,CUST1470,51,Female,PROD670,Germany,11/26/2022,3/27/2023,0,active,185.37,8,36,Conditioner,Beauty,4.0,0
ORD5471,CUST1471,35,Female,PROD671,USA,4/20/2023,6/22/2025,0,cancelled,87.8,8,4,Skirt,Clothing,3.7,1
ORD5472,CUST1472,51,Male,PROD672,UK,4/21/2023,1/14/2025,0,cancelled,97.78,4,29,Perfume,Beauty,4.1,0
ORD5473,CUST1473,56,Male,PROD673,Pakistan,5/20/2023,06-02-2023,2,active,197.6,9,38,Dress,Clothing,4.1,0
ORD5474,CUST1474,37,Female,PROD674,USA,08-04-2021,1/31/2023,0,active,532.09,2,46,Dining Table,Home,4.2,0
ORD5475,CUST1475,40,Female,PROD675,Canada,12-09-2020,3/30/2023,1,cancelled,196.12,5,7,Shirt,Clothing,4.2,0
ORD5476,CUST1476,40,Female,PROD676,Pakistan,5/20/2022,6/24/2024,5,cancelled,313.86,6,12,Dumbbells,Sports,4.5,0
ORD5477,CUST1477,31,Female,PROD677,Germany,10/14/2022,9/17/2023,1,cancelled,417.52,2,34,T-Shirt,Clothing,3.8,0
ORD5478,CUST1478,23,Female,PROD678,India,11/29/2020,1/22/2025,3,active,124.76,8,27,Jeans,Clothing,4.0,0
ORD5479,CUST1479,32,Female,PROD679,India,10/16/2022,03-05-2025,2,cancelled,90.21,6,2,Smartwatch,Electronics,4.1,0
ORD5480,CUST1480,46,Other,PROD680,Pakistan,10-12-2021,7/23/2025,4,paused,277.47,4,7,Sneakers,Clothing,3.8,0
ORD5481,CUST1481,65,Male,PROD681,USA,4/21/2023,5/31/2023,0,cancelled,132.87,5,2,Laptop,Electronics,4.1,0
ORD5482,CUST1482,19,Female,PROD682,Pakistan,7/26/2021,07-03-2023,3,active,132.82,8,10,Sneakers,Clothing,3.8,0
ORD5483,CUST1483,21,Male,PROD683,UK,12-04-2022,12/21/2024,2,cancelled,554.08,1,47,Chair,Home,4.2,0
ORD5484,CUST1484,23,Male,PROD684,USA,08-06-2023,3/27/2024,1,active,190.43,5,2,Shampoo,Beauty,4.2,0
ORD5485,CUST1485,59,Female,PROD685,Canada,4/19/2022,5/21/2023,0,active,228.34,7,16,Tablet,Electronics,4.2,0
ORD5486,CUST1486,28,Male,PROD686,Germany,10/28/2021,9/29/2022,3,active,975.01,1,4,Tennis Racket,Sports,4.0,0
ORD5487,CUST1487,40,Male,PROD687,India,10/27/2021,6/26/2025,3,active,62.15,3,31,Conditioner,Beauty,3.5,1
ORD5488,CUST1488,49,Female,PROD688,Canada,11/27/2022,1/25/2024,1,active,537.56,2,11,Shirt,Clothing,4.3,0
ORD5489,CUST1489,46,Female,PROD689,Germany,04-07-2023,4/16/2025,2,active,472.65,4,11,Lamp,Home,4.1,0
ORD5490,CUST1490,44,Female,PROD690,Germany,6/13/2023,1/28/2024,1,cancelled,109.16,8,31,Camera,Electronics,3.9,0
ORD5491,CUST1491,50,Male,PROD691,USA,1/14/2022,12/23/2022,3,paused,261.49,5,25,Bluetooth Speaker,Electronics,3.9,0
ORD5492,CUST1492,49,Female,PROD692,UK,9/30/2020,3/25/2024,5,active,69.48,7,41,Cricket Bat,Sports,3.3,1
ORD5493,CUST1493,38,Female,PROD693,Canada,5/31/2023,7/22/2025,2,active,1481.71,1,37,Shirt,Clothing,4.0,0
ORD5494,CUST1494,25,Male,PROD694,Canada,1/26/2023,10/13/2023,0,cancelled,189.21,9,30,Hoodie,Clothing,4.0,0
ORD5495,CUST1495,62,Female,PROD695,India,09-07-2021,12-11-2021,3,active,271.14,4,42,Face Wash,Beauty,4.0,0
ORD5496,CUST1496,33,Female,PROD696,Canada,9/19/2022,01-11-2023,5,active,396.81,5,20,Camera,Electronics,3.9,0
ORD5497,CUST1497,20,Male,PROD697,UK,7/14/2021,1/30/2025,0,cancelled,836.76,2,47,Skirt,Clothing,4.3,0
ORD5498,CUST1498,29,Male,PROD698,Canada,6/15/2021,03-06-2022,1,active,71.96,2,7,Lipstick,Beauty,4.1,0
ORD5499,CUST1499,45,Male,PROD699,Pakistan,4/13/2022,8/25/2022,3,active,1601.28,1,33,Shirt,Clothing,4.1,0
ORD5500,CUST1500,49,Female,PROD700,Canada,05-02-2021,2/24/2022,3,paused,582.99,3,3,Perfume,Beauty,4.3,0
ORD5501,CUST1501,51,Other,PROD701,Pakistan,10-01-2022,5/27/2023,3,paused,307.14,2,34,Basketball,Sports,4.1,0
ORD5502,CUST1502,66,Male,PROD702,USA,11-08-2021,1/17/2025,4,paused,193.22,8,32,Shirt,Clothing,4.1,0
ORD5503,CUST1503,58,Male,PROD703,USA,04-04-2022,5/25/2024,1,cancelled,996.56,2,32,Camera,Electronics,4.3,0
ORD5504,CUST1504,31,Female,PROD704,Pakistan,04-06-2023,3/29/2025,0,active,965.67,2,42,Microwave,Home,4.4,0
ORD5505,CUST1505,35,Male,PROD705,Canada,7/22/2023,06-02-2025,4,active,134.86,9,7,Dress,Clothing,4.2,0
ORD5506,CUST1506,48,Female,PROD706,Pakistan,10/26/2020,06-06-2022,2,active,59.06,8,27,T-Shirt,Clothing,3.3,1
ORD5507,CUST1507,34,Male,PROD707,Pakistan,3/30/2021,7/26/2025,0,cancelled,163.78,5,14,Gaming Console,Electronics,4.4,0
ORD5508,CUST1508,57,Female,PROD708,India,09-08-2021,01-04-2024,3,paused,204.26,9,38,Dining Table,Home,4.3,0
ORD5509,CUST1509,42,Male,PROD709,Germany,6/17/2023,08-07-2024,3,active,162.05,9,32,Vacuum Cleaner,Home,4.1,0
ORD5510,CUST1510,60,Female,PROD710,Germany,10/25/2022,7/19/2025,3,cancelled,124.82,6,43,Sneakers,Clothing,4.0,0
ORD5511,CUST1511,28,Female,PROD711,Canada,08-09-2022,09-02-2024,1,paused,81.49,7,32,Vacuum Cleaner,Home,4.1,0
ORD5512,CUST1512,34,Male,PROD712,Canada,07-11-2021,5/22/2025,0,paused,36.04,3,23,Face Wash,Beauty,4.3,0
ORD5513,CUST1513,44,Male,PROD713,Germany,12-10-2022,5/26/2025,4,cancelled,243.55,7,26,Jeans,Clothing,3.8,0
ORD5514,CUST1514,57,Male,PROD714,India,3/20/2021,01-08-2023,1,active,428.54,3,33,Tablet,Electronics,3.9,0
ORD5515,CUST1515,54,Male,PROD715,India,5/25/2022,03-12-2023,5,active,234.67,3,8,Bluetooth Speaker,Electronics,3.7,1
ORD5516,CUST1516,51,Male,PROD716,India,03-04-2021,6/17/2023,1,cancelled,142.25,9,40,Dining Table,Home,4.0,0
ORD5517,CUST1517,41,Male,PROD717,USA,03-12-2023,09-05-2023,3,cancelled,116.18,6,20,Dress,Clothing,4.2,0
ORD5518,CUST1518,47,Male,PROD718,UK,7/16/2021,8/17/2022,5,active,321.74,6,15,Sneakers,Clothing,4.4,0
ORD5519,CUST1519,26,Female,PROD719,USA,09-01-2020,5/22/2022,1,active,266.97,5,9,Smartphone,Electronics,3.9,0
ORD5520,CUST1520,40,Female,PROD720,Canada,10/22/2022,01-06-2023,1,active,283.96,5,36,Bluetooth Speaker,Electronics,4.5,0
ORD5521,CUST1521,43,Male,PROD721,India,2/27/2021,7/30/2025,2,active,382.28,4,47,Dress,Clothing,4.2,0
ORD5522,CUST1522,53,Male,PROD722,USA,6/30/2022,5/27/2024,2,paused,217.42,4,43,Cycling Helmet,Sports,3.9,0
ORD5523,CUST1523,63,Male,PROD723,Canada,2/24/2022,3/13/2022,3,active,57.75,8,5,Lipstick,Beauty,4.2,0
ORD5524,CUST1524,43,Female,PROD724,USA,03-04-2021,07-08-2022,5,active,256.45,4,29,Camera,Electronics,4.1,0
ORD5525,CUST1525,66,Male,PROD725,UK,06-07-2023,06-12-2024,5,paused,300.55,6,18,Tablet,Electronics,4.1,0
ORD5526,CUST1526,54,Male,PROD726,India,12/17/2021,12/17/2021,3,paused,75.6,8,26,Smartphone,Electronics,4.3,0
ORD5527,CUST1527,30,Male,PROD727,India,11/30/2020,07-05-2024,4,cancelled,1582.47,1,39,Sofa,Home,4.1,0
ORD5528,CUST1528,24,Female,PROD728,USA,8/29/2022,03-08-2023,5,active,199.61,6,30,Microwave,Home,4.3,0
ORD5529,CUST1529,50,Male,PROD729,UK,3/30/2021,01-07-2025,3,active,75.76,9,7,Moisturizer,Beauty,3.6,1
ORD5530,CUST1530,26,Male,PROD730,Canada,3/25/2022,5/21/2024,1,active,169.33,3,19,Lamp,Home,4.1,0
ORD5531,CUST1531,44,Female,PROD731,Canada,05-09-2022,7/23/2022,5,active,279.79,5,32,Cricket Bat,Sports,4.0,0
ORD5532,CUST1532,40,Male,PROD732,USA,8/18/2022,04-12-2023,3,active,18.93,4,45,Blender,Home,4.1,0
ORD5533,CUST1533,41,Male,PROD733,India,11/28/2020,06-06-2024,2,active,147.55,8,32,Lamp,Home,4.3,0
ORD5534,CUST1534,54,Male,PROD734,UK,1/21/2023,11/14/2023,4,active,82.68,9,2,Headphones,Electronics,3.9,0
ORD5535,CUST1535,29,Female,PROD735,Pakistan,1/22/2023,12/17/2023,4,cancelled,178.63,9,15,Vacuum Cleaner,Home,4.1,0
ORD5536,CUST1536,20,Female,PROD736,Pakistan,1/15/2023,2/14/2023,3,active,22.44,8,21,Shirt,Clothing,4.1,0
ORD5537,CUST1537,59,Female,PROD737,India,5/30/2022,10-09-2024,0,active,443.38,4,8,Headphones,Electronics,4.4,0
ORD5538,CUST1538,37,Male,PROD738,Canada,07-10-2022,6/30/2024,0,active,189.41,8,46,Yoga Mat,Sports,3.8,0
ORD5539,CUST1539,61,Female,PROD739,Canada,11-07-2022,2/13/2025,4,active,440.91,3,33,Perfume,Beauty,4.3,0
ORD5540,CUST1540,50,Female,PROD740,Canada,11-02-2020,7/15/2022,5,active,944.82,2,29,Smartwatch,Electronics,4.3,0
ORD5541,CUST1541,67,Male,PROD741,Pakistan,12/24/2022,1/22/2025,0,paused,892.74,2,49,Blender,Home,3.5,1
ORD5542,CUST1542,39,Female,PROD742,UK,7/18/2022,11-06-2023,4,cancelled,589.28,3,9,Blender,Home,4.0,0
ORD5543,CUST1543,64,Male,PROD743,Pakistan,12/13/2021,01-07-2022,5,paused,233.33,3,38,Jacket,Clothing,3.9,0
ORD5544,CUST1544,59,Female,PROD744,UK,09-08-2022,6/25/2025,2,active,168.05,9,3,Lipstick,Beauty,4.3,0
ORD5545,CUST1545,40,Female,PROD745,USA,2/24/2023,02-11-2024,2,active,227.34,5,17,Gaming Console,Electronics,2.8,1
ORD5546,CUST1546,36,Male,PROD746,UK,07-04-2021,12/26/2022,2,active,164.42,3,22,Lamp,Home,3.8,0
ORD5547,CUST1547,49,Female,PROD747,Germany,5/21/2023,07-10-2025,2,active,577.99,1,12,Tablet,Electronics,4.5,0
ORD5548,CUST1548,35,Female,PROD748,UK,11/28/2020,3/24/2025,4,paused,293.23,4,6,Refrigerator,Home,4.3,0
ORD5549,CUST1549,56,Male,PROD749,UK,05-03-2021,4/16/2022,1,active,188.99,6,20,Yoga Mat,Sports,4.1,0
ORD5550,CUST1550,57,Male,PROD750,Canada,10-02-2022,4/13/2025,5,active,904.56,2,44,Lipstick,Beauty,3.0,1
ORD5551,CUST1551,63,Female,PROD751,UK,07-11-2021,8/25/2023,0,active,1220.25,1,9,Skirt,Clothing,4.0,0
ORD5552,CUST1552,29,Female,PROD752,India,05-06-2022,12/16/2022,2,active,34.17,6,35,Cycling Helmet,Sports,3.9,0
ORD5553,CUST1553,40,Female,PROD753,USA,8/30/2021,6/19/2025,2,active,152.91,9,5,Shampoo,Beauty,4.1,0
ORD5554,CUST1554,54,Female,PROD754,Germany,4/13/2022,02-09-2024,0,paused,28.96,8,22,Blender,Home,4.1,0
ORD5555,CUST1555,52,Male,PROD755,India,12/28/2021,2/23/2024,3,active,167.97,7,6,Jeans,Clothing,4.3,0
ORD5556,CUST1556,35,Female,PROD756,India,10/20/2020,12-02-2022,5,active,329.43,3,35,Dress,Clothing,4.0,0
ORD5557,CUST1557,67,Male,PROD757,USA,11-09-2022,11-09-2024,4,active,1543.19,1,42,Lamp,Home,4.4,0
ORD5558,CUST1558,27,Female,PROD758,UK,12-08-2021,05-04-2023,5,paused,524.51,2,43,Dining Table,Home,4.3,0
ORD5559,CUST1559,38,Female,PROD759,Germany,5/20/2021,7/31/2021,4,active,342.38,4,41,Jacket,Clothing,4.2,0
ORD5560,CUST1560,41,Female,PROD760,UK,05-11-2023,02-02-2025,3,cancelled,164.78,9,22,Face Wash,Beauty,3.8,0
ORD5561,CUST1561,33,Male,PROD761,India,03-12-2021,04-03-2024,3,active,159.26,9,30,Moisturizer,Beauty,4.3,0
ORD5562,CUST1562,45,Female,PROD762,USA,11-09-2022,10-08-2024,3,active,33.22,8,7,Chair,Home,4.3,0
ORD5563,CUST1563,28,Male,PROD763,Germany,12/22/2021,3/28/2024,4,cancelled,1815.34,1,19,Blender,Home,4.3,0
ORD5564,CUST1564,27,Male,PROD764,Germany,06-09-2021,04-05-2024,5,active,17.0,4,2,Smartwatch,Electronics,4.0,0
ORD5565,CUST1565,33,Male,PROD765,Pakistan,5/13/2022,10-12-2024,0,paused,108.08,6,5,Camera,Electronics,3.9,0
ORD5566,CUST1566,28,Male,PROD766,India,2/23/2021,6/15/2022,4,active,18.44,6,5,Jacket,Clothing,4.1,0
ORD5567,CUST1567,58,Female,PROD767,UK,09-12-2020,10/25/2021,1,paused,330.36,4,49,Running Shoes,Sports,3.7,1
ORD5568,CUST1568,34,Female,PROD768,Pakistan,4/20/2023,10/17/2023,2,active,138.99,7,36,Moisturizer,Beauty,4.2,0
ORD5569,CUST1569,52,Female,PROD769,Canada,11/24/2020,8/25/2023,4,active,45.15,5,33,Laptop,Electronics,4.1,0
ORD5570,CUST1570,51,Male,PROD770,USA,10/19/2020,11-06-2023,0,active,266.24,4,21,Dining Table,Home,4.0,0
ORD5571,CUST1571,38,Male,PROD771,Pakistan,2/19/2023,04-10-2023,5,active,127.91,9,29,Lamp,Home,4.6,0
ORD5572,CUST1572,46,Female,PROD772,UK,5/20/2023,4/14/2025,0,active,49.35,7,49,Perfume,Beauty,3.9,0
ORD5573,CUST1573,35,Female,PROD773,USA,03-12-2021,11-04-2023,4,active,12.69,9,14,Camera,Electronics,4.0,0
ORD5574,CUST1574,34,Male,PROD774,Pakistan,12/15/2021,5/27/2025,4,active,55.16,8,5,Skirt,Clothing,4.3,0
ORD5575,CUST1575,62,Other,PROD775,Germany,7/24/2021,5/28/2025,4,active,228.64,8,18,Smartphone,Electronics,4.4,0
ORD5576,CUST1576,56,Female,PROD776,USA,7/31/2021,4/16/2023,4,active,554.17,3,46,Bluetooth Speaker,Electronics,4.1,0
ORD5577,CUST1577,43,Female,PROD777,UK,03-04-2021,06-02-2021,5,active,559.72,1,3,Yoga Mat,Sports,4.1,0
ORD5578,CUST1578,43,Male,PROD778,USA,01-07-2023,8/13/2023,4,active,319.61,3,18,Hoodie,Clothing,4.1,0
ORD5579,CUST1579,30,Other,PROD779,Germany,12/21/2022,11/26/2023,0,active,71.54,6,12,Camera,Electronics,4.4,0
ORD5580,CUST1580,46,Male,PROD780,Germany,11-02-2020,4/17/2023,4,active,36.79,8,17,Jeans,Clothing,4.5,0
ORD5581,CUST1581,65,Male,PROD781,UK,5/23/2022,3/21/2023,1,active,1276.55,1,48,T-Shirt,Clothing,4.1,0
ORD5582,CUST1582,23,Male,PROD782,UK,12/20/2020,11/14/2021,0,active,683.35,2,10,Sneakers,Clothing,4.2,0
ORD5583,CUST1583,56,Female,PROD783,Canada,9/23/2021,2/21/2024,5,cancelled,137.79,5,12,Lipstick,Beauty,4.5,0
ORD5584,CUST1584,62,Female,PROD784,USA,06-01-2022,08-09-2025,5,active,309.26,4,17,Shampoo,Beauty,4.1,0
ORD5585,CUST1585,31,Female,PROD785,Pakistan,4/22/2022,10/17/2024,2,cancelled,43.08,5,22,Nail Polish,Beauty,3.9,0
ORD5586,CUST1586,67,Female,PROD786,Germany,6/29/2023,01-02-2025,4,active,659.12,3,32,Cricket Bat,Sports,4.3,0
ORD5587,CUST1587,69,Female,PROD787,Canada,6/13/2022,11-08-2022,5,active,177.67,7,28,Shirt,Clothing,3.8,0
ORD5588,CUST1588,65,Male,PROD788,USA,3/14/2021,05-08-2023,4,paused,215.02,7,19,Dress,Clothing,4.3,0
ORD5589,CUST1589,51,Male,PROD789,Germany,06-07-2021,07-09-2025,4,paused,978.5,1,14,Face Wash,Beauty,4.4,0
ORD5590,CUST1590,43,Male,PROD790,USA,10-01-2020,10-11-2024,0,active,180.39,2,44,Chair,Home,3.8,0
ORD5591,CUST1591,56,Female,PROD791,Canada,9/29/2022,12-05-2023,5,cancelled,275.98,4,21,Microwave,Home,3.8,0
ORD5592,CUST1592,30,Female,PROD792,USA,11-08-2022,9/20/2024,0,active,105.63,7,36,Laptop,Electronics,3.5,1
ORD5593,CUST1593,35,Female,PROD793,India,07-05-2023,1/23/2024,5,active,427.02,4,35,Refrigerator,Home,4.4,0
ORD5594,CUST1594,20,Female,PROD794,Germany,4/23/2022,04-03-2025,1,active,93.14,9,2,Microwave,Home,4.1,0
ORD5595,CUST1595,59,Other,PROD795,Pakistan,1/18/2022,10-03-2023,4,paused,58.61,3,47,Dumbbells,Sports,4.1,0
ORD5596,CUST1596,53,Female,PROD796,Pakistan,01-02-2023,2/14/2024,0,cancelled,261.37,6,41,Jacket,Clothing,4.3,0
ORD5597,CUST1597,66,Male,PROD797,Canada,1/26/2021,1/28/2021,1,active,697.6,2,8,Perfume,Beauty,3.5,1
ORD5598,CUST1598,31,Female,PROD798,Pakistan,01-07-2021,07-04-2023,5,cancelled,612.55,3,9,Sofa,Home,4.1,0
ORD5599,CUST1599,59,Female,PROD799,Germany,08-09-2022,6/23/2024,0,active,150.44,2,47,Cricket Bat,Sports,4.1,0
ORD5600,CUST1600,18,Other,PROD800,Germany,07-04-2023,04-02-2025,5,active,118.23,9,40,Dumbbells,Sports,3.9,0
ORD5601,CUST1601,57,Male,PROD801,USA,7/24/2022,04-11-2024,4,active,1043.23,1,9,Microwave,Home,3.9,0
ORD5602,CUST1602,61,Female,PROD802,Germany,02-07-2022,11-01-2024,0,paused,619.73,3,11,Cycling Helmet,Sports,4.1,0
ORD5603,CUST1603,58,Female,PROD803,UK,12/30/2022,08-06-2025,1,active,449.28,3,47,Skirt,Clothing,4.0,0
ORD5604,CUST1604,22,Female,PROD804,Germany,4/28/2022,06-06-2025,2,active,1181.37,1,17,Dumbbells,Sports,4.2,0
ORD5605,CUST1605,53,Female,PROD805,Germany,06-05-2023,11/26/2024,3,active,56.24,9,31,Sneakers,Clothing,4.3,0
ORD5606,CUST1606,42,Male,PROD806,Pakistan,01-11-2022,4/15/2023,1,active,458.76,4,16,Moisturizer,Beauty,4.1,0
ORD5607,CUST1607,57,Male,PROD807,UK,02-06-2022,10-01-2022,0,cancelled,4.92,8,40,Yoga Mat,Sports,4.0,0
ORD5608,CUST1608,56,Female,PROD808,UK,6/26/2023,1/17/2024,2,active,314.8,4,4,Microwave,Home,4.2,0
ORD5609,CUST1609,51,Female,PROD809,Pakistan,8/18/2022,5/20/2023,4,paused,475.45,4,1,Perfume,Beauty,3.9,0
ORD5610,CUST1610,51,Male,PROD810,Pakistan,9/17/2020,05-09-2022,2,active,224.82,2,28,Bluetooth Speaker,Electronics,4.3,0
ORD5611,CUST1611,20,Female,PROD811,USA,8/17/2021,12/25/2021,3,active,187.96,2,32,Shampoo,Beauty,4.2,0
ORD5612,CUST1612,26,Male,PROD812,Germany,1/17/2022,11-03-2023,4,active,123.54,8,18,Jacket,Clothing,4.5,0
ORD5613,CUST1613,65,Male,PROD813,India,07-11-2022,4/25/2023,1,cancelled,384.32,4,13,Conditioner,Beauty,4.0,0
ORD5614,CUST1614,53,Male,PROD814,USA,4/23/2021,3/30/2024,5,cancelled,158.27,4,40,Laptop,Electronics,4.2,0
ORD5615,CUST1615,61,Male,PROD815,Pakistan,10/14/2022,08-10-2024,4,cancelled,252.11,7,25,Face Wash,Beauty,4.5,0
ORD5616,CUST1616,26,Male,PROD816,Germany,12/27/2022,9/18/2024,1,active,174.23,1,11,Face Wash,Beauty,4.3,0
ORD5617,CUST1617,36,Male,PROD817,USA,09-08-2022,03-02-2025,1,active,150.89,6,28,Blender,Home,3.9,0
ORD5618,CUST1618,56,Male,PROD818,USA,08-04-2021,10/26/2024,2,cancelled,169.91,8,24,Smartphone,Electronics,4.1,0
ORD5619,CUST1619,57,Male,PROD819,Pakistan,6/16/2021,8/27/2021,2,active,94.81,4,33,Laptop,Electronics,4.3,0
ORD5620,CUST1620,21,Female,PROD820,UK,3/29/2022,9/19/2024,4,active,168.81,3,37,Moisturizer,Beauty,4.2,0
ORD5621,CUST1621,34,Female,PROD821,India,07-07-2023,7/30/2023,5,active,415.64,1,13,Skirt,Clothing,4.2,0
ORD5622,CUST1622,23,Female,PROD822,India,1/25/2022,5/28/2022,5,cancelled,24.21,5,19,Microwave,Home,4.0,0
ORD5623,CUST1623,66,Male,PROD823,USA,03-06-2022,03-08-2023,2,cancelled,132.42,8,14,Gaming Console,Electronics,3.9,0
ORD5624,CUST1624,50,Male,PROD824,USA,01-07-2021,4/28/2023,1,cancelled,177.1,5,49,Face Wash,Beauty,4.1,0
ORD5625,CUST1625,64,Female,PROD825,UK,10/17/2020,01-06-2021,2,active,239.59,7,35,Basketball,Sports,4.5,0
ORD5626,CUST1626,36,Female,PROD826,India,12/21/2021,3/29/2025,3,cancelled,165.39,5,28,Smartphone,Electronics,3.7,1
ORD5627,CUST1627,62,Female,PROD827,Pakistan,8/23/2021,10-07-2023,1,paused,445.44,2,28,Cricket Bat,Sports,3.5,1
ORD5628,CUST1628,46,Female,PROD828,Germany,9/22/2021,4/23/2024,5,cancelled,562.29,3,30,Tennis Racket,Sports,4.2,0
ORD5629,CUST1629,43,Female,PROD829,India,01-08-2022,10/17/2024,0,cancelled,108.56,8,10,Chair,Home,3.5,1
ORD5630,CUST1630,67,Male,PROD830,Germany,02-03-2021,05-06-2024,1,paused,908.4,2,46,Skirt,Clothing,4.3,0
ORD5631,CUST1631,57,Female,PROD831,Canada,01-07-2022,6/29/2024,5,active,1904.04,1,6,Smartphone,Electronics,3.9,0
ORD5632,CUST1632,46,Male,PROD832,Pakistan,11-01-2021,1/26/2024,1,active,313.25,6,42,Running Shoes,Sports,4.2,0
ORD5633,CUST1633,65,Male,PROD833,Canada,08-12-2023,1/13/2024,0,paused,174.86,8,37,Dining Table,Home,4.3,0
ORD5634,CUST1634,39,Male,PROD834,Canada,11/13/2021,8/31/2022,5,active,207.22,8,18,Cricket Bat,Sports,4.2,0
ORD5635,CUST1635,57,Female,PROD835,India,6/16/2021,7/27/2025,0,active,232.51,4,40,Sofa,Home,4.0,0
ORD5636,CUST1636,55,Female,PROD836,Germany,01-02-2022,7/19/2023,0,active,67.19,9,25,Lamp,Home,4.1,0
ORD5637,CUST1637,37,Male,PROD837,UK,6/19/2021,7/15/2025,0,active,111.88,6,39,Lipstick,Beauty,4.5,0
ORD5638,CUST1638,58,Female,PROD838,UK,7/27/2021,08-07-2025,3,paused,924.05,1,1,Running Shoes,Sports,4.2,0
ORD5639,CUST1639,40,Female,PROD839,Pakistan,1/23/2021,9/30/2021,3,active,85.08,6,6,Basketball,Sports,4.1,0
ORD5640,CUST1640,69,Female,PROD840,India,1/21/2021,6/22/2025,5,cancelled,179.5,8,33,Smartwatch,Electronics,3.9,0
ORD5641,CUST1641,41,Male,PROD841,Germany,07-04-2021,9/23/2022,4,paused,73.15,4,49,Shirt,Clothing,4.3,0
ORD5642,CUST1642,64,Male,PROD842,Pakistan,09-11-2022,07-10-2025,0,active,180.64,6,38,Shirt,Clothing,3.9,0
ORD5643,CUST1643,46,Male,PROD843,UK,8/31/2022,09-10-2023,0,active,160.41,8,10,Conditioner,Beauty,4.0,0
ORD5644,CUST1644,21,Female,PROD844,Germany,07-05-2021,12-09-2024,0,active,110.39,9,28,Conditioner,Beauty,4.0,0
ORD5645,CUST1645,32,Female,PROD845,Pakistan,11/29/2021,7/28/2025,2,active,202.22,6,46,Hoodie,Clothing,3.5,1
ORD5646,CUST1646,19,Male,PROD846,Pakistan,09-04-2022,11/21/2023,4,active,147.21,8,13,Microwave,Home,4.3,0
ORD5647,CUST1647,52,Female,PROD847,UK,6/24/2021,07-09-2025,3,paused,211.08,2,16,Running Shoes,Sports,3.8,0
ORD5648,CUST1648,24,Male,PROD848,USA,08-10-2021,7/19/2023,0,paused,57.73,8,25,Face Wash,Beauty,4.4,0
ORD5649,CUST1649,66,Female,PROD849,USA,12/27/2020,9/30/2023,2,cancelled,786.08,2,19,Jeans,Clothing,3.7,1
ORD5650,CUST1650,43,Female,PROD850,USA,6/26/2021,10/29/2023,4,active,77.67,8,37,Shampoo,Beauty,4.4,0
ORD5651,CUST1651,25,Male,PROD851,UK,4/15/2022,9/13/2022,5,active,85.4,3,49,Jeans,Clothing,4.4,0
ORD5652,CUST1652,59,Male,PROD852,USA,2/24/2023,07-11-2024,1,active,1165.65,1,28,Dumbbells,Sports,4.4,0
ORD5653,CUST1653,47,Male,PROD853,UK,8/28/2021,12/14/2021,4,active,49.06,7,20,Face Wash,Beauty,4.2,0
ORD5654,CUST1654,46,Female,PROD854,Canada,1/27/2023,7/14/2024,4,active,164.98,3,21,Basketball,Sports,4.5,0
ORD5655,CUST1655,56,Male,PROD855,Canada,07-12-2023,3/19/2024,3,cancelled,286.43,3,16,Vacuum Cleaner,Home,3.8,0
ORD5656,CUST1656,36,Female,PROD856,Pakistan,10/29/2020,5/25/2023,1,active,83.74,4,34,Chair,Home,3.8,0
ORD5657,CUST1657,31,Female,PROD857,Canada,01-09-2023,1/19/2025,0,active,196.16,5,47,Dumbbells,Sports,4.1,0
ORD5658,CUST1658,39,Female,PROD858,India,3/24/2023,8/16/2023,0,active,694.93,2,22,Perfume,Beauty,4.1,0
ORD5659,CUST1659,56,Female,PROD859,Canada,9/29/2020,1/20/2025,4,active,467.28,2,34,Face Wash,Beauty,4.4,0
ORD5660,CUST1660,60,Male,PROD860,Pakistan,01-08-2023,11/15/2024,2,active,146.17,9,18,Sneakers,Clothing,3.8,0
ORD5661,CUST1661,32,Female,PROD861,UK,5/27/2021,06-08-2022,3,active,41.76,7,41,Smartwatch,Electronics,4.2,0
ORD5662,CUST1662,57,Female,PROD862,UK,10/17/2020,2/16/2025,4,paused,111.45,8,39,Microwave,Home,4.1,0
ORD5663,CUST1663,40,Female,PROD863,Canada,8/23/2020,3/21/2025,1,active,835.56,2,10,Chair,Home,4.4,0
ORD5664,CUST1664,21,Female,PROD864,India,04-10-2023,3/23/2025,2,paused,660.78,3,8,Smartphone,Electronics,4.1,0
ORD5665,CUST1665,42,Female,PROD865,Germany,04-06-2022,09-09-2023,1,active,150.11,6,49,Jeans,Clothing,4.1,0
ORD5666,CUST1666,20,Male,PROD866,Germany,06-12-2023,5/31/2024,0,cancelled,283.26,2,49,Smartphone,Electronics,3.5,1
ORD5667,CUST1667,32,Male,PROD867,Canada,01-06-2023,6/24/2023,0,active,986.68,1,29,Lipstick,Beauty,3.6,1
ORD5668,CUST1668,32,Female,PROD868,UK,4/18/2022,5/24/2024,2,cancelled,169.24,6,7,Yoga Mat,Sports,4.3,0
ORD5669,CUST1669,50,Male,PROD869,Germany,12/15/2020,7/13/2025,4,cancelled,192.21,9,10,Shirt,Clothing,3.8,0
ORD5670,CUST1670,30,Male,PROD870,UK,9/23/2022,07-11-2023,3,active,27.97,9,14,Perfume,Beauty,4.0,0
ORD5671,CUST1671,53,Female,PROD871,Pakistan,12-06-2022,03-03-2023,4,cancelled,170.74,6,39,Tennis Racket,Sports,3.9,0
ORD5672,CUST1672,56,Female,PROD872,Pakistan,8/19/2022,2/18/2023,1,cancelled,124.97,5,21,Vacuum Cleaner,Home,4.1,0
ORD5673,CUST1673,48,Female,PROD873,Pakistan,12-03-2021,07-06-2022,2,paused,78.19,7,30,Perfume,Beauty,4.3,0
ORD5674,CUST1674,25,Male,PROD874,USA,2/21/2023,1/31/2025,5,active,301.07,5,10,Sofa,Home,4.4,0
ORD5675,CUST1675,42,Male,PROD875,USA,10-04-2022,09-04-2023,4,paused,51.81,5,31,Gaming Console,Electronics,4.3,0
ORD5676,CUST1676,28,Female,PROD876,India,10-05-2022,3/18/2023,0,cancelled,817.55,2,1,Conditioner,Beauty,4.3,0
ORD5677,CUST1677,20,Male,PROD877,USA,7/23/2023,04-11-2025,2,cancelled,470.4,2,19,Tablet,Electronics,4.1,0
ORD5678,CUST1678,52,Female,PROD878,Canada,06-02-2023,5/18/2024,2,paused,244.14,6,10,Refrigerator,Home,4.4,0
ORD5679,CUST1679,66,Female,PROD879,Pakistan,6/26/2021,9/17/2021,2,active,95.2,3,6,Gaming Console,Electronics,4.4,0
ORD5680,CUST1680,57,Male,PROD880,Canada,5/23/2023,2/18/2025,2,active,670.66,2,24,Tennis Racket,Sports,3.8,0
ORD5681,CUST1681,40,Male,PROD881,India,6/28/2022,1/17/2024,3,active,213.06,1,13,Lipstick,Beauty,3.8,0
ORD5682,CUST1682,39,Female,PROD882,India,03-03-2021,10/17/2022,5,active,36.45,8,48,Blender,Home,4.0,0
ORD5683,CUST1683,63,Male,PROD883,India,10-11-2020,7/15/2024,4,active,3.53,7,15,Conditioner,Beauty,4.4,0
ORD5684,CUST1684,40,Male,PROD884,India,4/13/2022,03-04-2025,1,active,1951.85,1,24,Conditioner,Beauty,4.4,0
ORD5685,CUST1685,64,Female,PROD885,USA,03-09-2022,1/25/2023,3,active,12.39,6,1,Dress,Clothing,4.5,0
ORD5686,CUST1686,39,Female,PROD886,Pakistan,01-06-2021,3/26/2021,1,paused,28.48,3,15,Blender,Home,4.0,0
ORD5687,CUST1687,48,Male,PROD887,Canada,3/15/2022,8/25/2024,0,active,853.97,2,14,Dumbbells,Sports,4.0,0
ORD5688,CUST1688,34,Male,PROD888,USA,10/24/2020,11/23/2024,4,active,149.49,4,33,Tablet,Electronics,4.3,0
ORD5689,CUST1689,42,Male,PROD889,USA,07-05-2021,12/30/2021,3,cancelled,46.66,3,24,Running Shoes,Sports,4.2,0
ORD5690,CUST1690,43,Male,PROD890,UK,5/18/2023,11-09-2023,4,paused,130.19,9,44,Lipstick,Beauty,3.8,0
ORD5691,CUST1691,24,Female,PROD891,USA,4/16/2021,07-02-2024,1,active,528.2,3,11,Tablet,Electronics,4.3,0
ORD5692,CUST1692,35,Male,PROD892,USA,5/25/2021,3/30/2023,0,active,189.18,7,19,Tablet,Electronics,4.1,0
ORD5693,CUST1693,51,Female,PROD893,India,02-10-2022,1/17/2024,4,active,45.62,6,38,Refrigerator,Home,4.3,0
ORD5694,CUST1694,65,Male,PROD894,Canada,5/13/2021,4/19/2024,4,cancelled,86.53,5,30,Camera,Electronics,4.0,0
ORD5695,CUST1695,39,Female,PROD895,Pakistan,2/16/2023,09-05-2024,4,cancelled,19.37,9,22,Dress,Clothing,4.3,0
ORD5696,CUST1696,65,Male,PROD896,Canada,9/29/2021,11/27/2022,5,cancelled,356.89,3,11,Headphones,Electronics,4.2,0
ORD5697,CUST1697,47,Female,PROD897,UK,09-04-2020,08-11-2021,4,active,219.58,9,14,Basketball,Sports,4.0,0
ORD5698,CUST1698,31,Male,PROD898,UK,12/26/2021,7/19/2025,4,active,1371.02,1,3,Chair,Home,4.4,0
ORD5699,CUST1699,18,Male,PROD899,Canada,9/25/2021,8/29/2022,4,paused,29.54,7,4,Running Shoes,Sports,4.4,0
ORD5700,CUST1700,55,Male,PROD900,Canada,01-05-2022,7/15/2024,4,paused,155.45,4,15,Conditioner,Beauty,4.5,0
ORD5701,CUST1701,29,Female,PROD901,Canada,1/29/2023,09-04-2023,5,paused,25.49,5,21,Headphones,Electronics,4.2,0
ORD5702,CUST1702,69,Female,PROD902,Pakistan,7/20/2023,08-07-2025,5,active,18.68,7,24,Cricket Bat,Sports,4.1,0
ORD5703,CUST1703,65,Female,PROD903,Canada,11/20/2021,3/16/2024,5,active,1143.02,1,32,Gaming Console,Electronics,4.5,0
ORD5704,CUST1704,56,Female,PROD904,UK,07-01-2023,03-12-2024,3,paused,17.62,9,5,Running Shoes,Sports,4.2,0
ORD5705,CUST1705,31,Female,PROD905,USA,3/23/2023,12/16/2024,2,active,167.43,7,15,Foundation,Beauty,4.3,0
ORD5706,CUST1706,40,Female,PROD906,UK,05-02-2023,6/25/2023,1,active,244.85,5,34,Football,Sports,3.9,0
ORD5707,CUST1707,44,Female,PROD907,USA,05-06-2022,10-10-2023,1,cancelled,73.97,7,46,Lipstick,Beauty,4.5,0
ORD5708,CUST1708,47,Female,PROD908,Canada,1/25/2023,6/15/2024,1,active,898.76,2,26,Skirt,Clothing,4.1,0
ORD5709,CUST1709,51,Male,PROD909,Germany,01-08-2021,8/26/2022,3,cancelled,209.36,4,36,Refrigerator,Home,4.2,0
ORD5710,CUST1710,22,Female,PROD910,UK,2/16/2022,3/20/2022,5,active,143.04,9,45,Blender,Home,3.8,0
ORD5711,CUST1711,19,Male,PROD911,Canada,8/16/2023,2/27/2025,4,active,164.34,4,47,Shirt,Clothing,4.3,0
ORD5712,CUST1712,67,Female,PROD912,Germany,1/29/2022,1/25/2023,2,active,188.11,7,16,Blender,Home,3.9,0
ORD5713,CUST1713,33,Male,PROD913,Canada,08-12-2022,1/13/2025,1,cancelled,343.89,5,32,Jeans,Clothing,4.3,0
ORD5714,CUST1714,67,Male,PROD914,Canada,5/13/2021,09-10-2021,1,cancelled,291.77,4,41,Perfume,Beauty,4.3,0
ORD5715,CUST1715,67,Male,PROD915,UK,8/14/2023,6/14/2025,5,active,289.38,5,46,Gaming Console,Electronics,3.9,0
ORD5716,CUST1716,59,Male,PROD916,USA,04-05-2022,7/15/2024,2,active,184.92,8,12,Dress,Clothing,3.7,1
ORD5717,CUST1717,68,Female,PROD917,Pakistan,09-02-2021,10/26/2023,1,paused,95.6,8,38,Cricket Bat,Sports,4.2,0
ORD5718,CUST1718,46,Male,PROD918,UK,10/26/2020,1/16/2022,4,active,12.05,7,12,Tablet,Electronics,4.3,0
ORD5719,CUST1719,34,Female,PROD919,UK,12/25/2022,5/18/2023,3,cancelled,877.48,2,45,Blender,Home,4.2,0
ORD5720,CUST1720,36,Female,PROD920,USA,02-07-2021,8/20/2024,3,paused,129.11,7,49,Chair,Home,3.9,0
ORD5721,CUST1721,18,Female,PROD921,UK,7/22/2021,5/15/2022,1,active,699.1,1,29,Chair,Home,4.3,0
ORD5722,CUST1722,19,Female,PROD922,UK,1/17/2021,05-05-2024,3,active,10.32,6,4,Bluetooth Speaker,Electronics,3.7,1
ORD5723,CUST1723,28,Female,PROD923,Pakistan,9/16/2022,08-02-2025,1,active,196.1,9,15,Dress,Clothing,4.3,0
ORD5724,CUST1724,49,Male,PROD924,UK,02-07-2023,1/28/2025,1,active,173.64,9,16,Smartphone,Electronics,4.3,0
ORD5725,CUST1725,39,Female,PROD925,India,7/19/2022,12/26/2024,5,cancelled,206.65,5,43,Hoodie,Clothing,3.9,0
ORD5726,CUST1726,18,Male,PROD926,Canada,01-04-2023,3/21/2023,1,active,477.57,1,41,Camera,Electronics,4.4,0
ORD5727,CUST1727,53,Female,PROD927,Pakistan,04-02-2021,11/22/2022,0,active,68.9,6,17,Skirt,Clothing,4.0,0
ORD5728,CUST1728,65,Female,PROD928,Germany,03-11-2023,12/16/2024,3,active,238.83,7,22,Foundation,Beauty,4.5,0
ORD5729,CUST1729,62,Male,PROD929,India,9/28/2021,5/23/2025,0,paused,120.28,5,46,Dumbbells,Sports,3.9,0
ORD5730,CUST1730,51,Male,PROD930,Germany,03-12-2021,04-04-2024,0,active,880.32,1,30,Smartwatch,Electronics,4.3,0
ORD5731,CUST1731,63,Female,PROD931,Germany,04-02-2023,7/30/2024,1,active,425.19,1,8,Yoga Mat,Sports,4.2,0
ORD5732,CUST1732,27,Male,PROD932,Pakistan,3/31/2023,12/26/2023,5,active,436.81,3,42,Jacket,Clothing,4.1,0
ORD5733,CUST1733,50,Female,PROD933,Pakistan,6/19/2021,4/24/2023,0,active,54.65,3,21,Basketball,Sports,4.2,0
ORD5734,CUST1734,51,Male,PROD934,UK,12/24/2021,04-07-2024,3,active,178.57,6,33,Shampoo,Beauty,4.5,0
ORD5735,CUST1735,67,Female,PROD935,Canada,6/30/2021,04-12-2025,2,active,18.43,9,33,Shirt,Clothing,4.2,0
ORD5736,CUST1736,41,Female,PROD936,India,9/27/2020,7/25/2021,1,cancelled,162.13,8,24,Perfume,Beauty,4.2,0
ORD5737,CUST1737,19,Female,PROD937,Pakistan,11-09-2021,9/23/2023,2,active,215.86,4,5,Dining Table,Home,4.3,0
ORD5738,CUST1738,68,Male,PROD938,Canada,4/14/2021,08-10-2023,2,active,448.02,4,4,Dumbbells,Sports,4.0,0
ORD5739,CUST1739,24,Female,PROD939,UK,3/16/2022,7/23/2024,1,active,202.23,4,29,Moisturizer,Beauty,4.5,0
ORD5740,CUST1740,67,Male,PROD940,Germany,11-06-2022,11-08-2024,1,active,412.98,1,22,Perfume,Beauty,3.8,0
ORD5741,CUST1741,45,Male,PROD941,Canada,2/16/2021,3/27/2021,4,cancelled,187.53,4,22,Dumbbells,Sports,3.9,0
ORD5742,CUST1742,52,Male,PROD942,UK,7/13/2022,12/29/2022,1,active,140.81,8,5,Bluetooth Speaker,Electronics,4.0,0
ORD5743,CUST1743,52,Other,PROD943,India,9/14/2021,10/17/2024,1,active,66.97,7,1,Headphones,Electronics,4.1,0
ORD5744,CUST1744,60,Female,PROD944,UK,10/15/2021,12/27/2024,5,active,73.09,5,12,Microwave,Home,3.4,1
ORD5745,CUST1745,49,Male,PROD945,Pakistan,11/25/2021,6/13/2023,5,active,1326.91,1,3,Dining Table,Home,4.0,0
ORD5746,CUST1746,59,Female,PROD946,Canada,4/21/2021,11-07-2022,1,active,187.35,2,23,Foundation,Beauty,3.4,1
ORD5747,CUST1747,45,Female,PROD947,UK,6/13/2021,10-08-2024,0,active,421.14,2,23,Shampoo,Beauty,4.3,0
ORD5748,CUST1748,37,Female,PROD948,India,04-10-2022,3/28/2025,2,active,107.87,9,31,Microwave,Home,3.9,0
ORD5749,CUST1749,38,Female,PROD949,India,12-03-2020,06-11-2023,4,active,185.96,9,6,Chair,Home,4.1,0
ORD5750,CUST1750,44,Female,PROD950,USA,06-09-2023,03-08-2025,3,cancelled,180.94,7,34,Basketball,Sports,4.3,0
ORD5751,CUST1751,26,Female,PROD951,UK,05-11-2022,3/26/2023,2,paused,138.8,3,1,Yoga Mat,Sports,4.5,0
ORD5752,CUST1752,38,Male,PROD952,Pakistan,5/15/2023,8/31/2024,2,cancelled,856.16,1,26,Smartwatch,Electronics,4.2,0
ORD5753,CUST1753,24,Male,PROD953,USA,7/14/2023,02-08-2025,5,active,206.67,9,8,Face Wash,Beauty,4.1,0
ORD5754,CUST1754,33,Male,PROD954,India,10/20/2021,2/14/2025,2,active,175.1,3,19,Tablet,Electronics,4.4,0
ORD5755,CUST1755,58,Female,PROD955,Canada,3/30/2021,3/26/2023,5,active,174.92,5,15,Moisturizer,Beauty,4.3,0
ORD5756,CUST1756,64,Other,PROD956,USA,04-05-2021,11/30/2023,0,cancelled,406.39,3,46,Smartphone,Electronics,4.3,0
ORD5757,CUST1757,53,Male,PROD957,Germany,9/17/2022,11/27/2024,3,active,190.94,9,43,Laptop,Electronics,4.3,0
ORD5758,CUST1758,35,Male,PROD958,UK,11-10-2020,01-04-2021,3,active,453.96,4,17,Smartphone,Electronics,4.2,0
ORD5759,CUST1759,45,Female,PROD959,India,6/27/2021,6/14/2022,3,active,186.85,4,8,Football,Sports,4.1,0
ORD5760,CUST1760,41,Male,PROD960,Germany,07-12-2021,12/18/2022,3,paused,136.28,9,24,Face Wash,Beauty,4.1,0
ORD5761,CUST1761,46,Female,PROD961,USA,5/15/2021,11-10-2023,2,cancelled,187.92,5,30,Smartphone,Electronics,4.5,0
ORD5762,CUST1762,33,Male,PROD962,Pakistan,8/20/2021,11-01-2023,5,active,1779.7,1,12,Face Wash,Beauty,4.4,0
ORD5763,CUST1763,38,Female,PROD963,UK,5/20/2022,04-10-2023,2,active,107.63,5,5,Football,Sports,4.3,0
ORD5764,CUST1764,29,Female,PROD964,India,04-10-2023,7/28/2024,0,cancelled,312.62,2,21,Vacuum Cleaner,Home,4.3,0
ORD5765,CUST1765,38,Female,PROD965,UK,10-05-2020,12-04-2024,4,paused,296.94,5,36,Face Wash,Beauty,4.3,0
ORD5766,CUST1766,38,Male,PROD966,UK,03-04-2023,4/28/2025,4,cancelled,604.99,3,5,Blender,Home,4.0,0
ORD5767,CUST1767,67,Female,PROD967,UK,4/13/2023,03-10-2025,2,active,267.93,5,19,Microwave,Home,4.3,0
ORD5768,CUST1768,38,Male,PROD968,India,05-08-2023,7/21/2025,0,cancelled,452.36,4,48,Skirt,Clothing,4.0,0
ORD5769,CUST1769,46,Male,PROD969,Canada,12-05-2021,5/17/2022,1,active,890.55,2,24,Sneakers,Clothing,4.4,0
ORD5770,CUST1770,27,Female,PROD970,USA,9/22/2021,07-09-2025,4,active,345.88,2,41,Jacket,Clothing,4.0,0
ORD5771,CUST1771,23,Male,PROD971,Germany,1/30/2021,10-04-2023,0,active,104.9,9,26,Moisturizer,Beauty,4.3,0
ORD5772,CUST1772,67,Male,PROD972,USA,5/15/2023,1/25/2024,1,active,469.38,4,19,Tennis Racket,Sports,3.3,1
ORD5773,CUST1773,30,Female,PROD973,UK,3/31/2022,1/25/2023,2,active,1603.98,1,11,Running Shoes,Sports,3.7,1
ORD5774,CUST1774,50,Other,PROD974,USA,3/14/2021,06-08-2021,4,active,94.71,9,35,Chair,Home,4.1,0
ORD5775,CUST1775,47,Male,PROD975,India,12/27/2020,10/21/2024,2,active,356.64,3,10,Sofa,Home,5.0,0
ORD5776,CUST1776,46,Female,PROD976,Pakistan,07-07-2022,01-10-2024,2,cancelled,1866.7,1,22,Perfume,Beauty,4.5,0
ORD5777,CUST1777,34,Female,PROD977,USA,3/18/2023,6/19/2023,0,active,163.7,9,14,Moisturizer,Beauty,3.9,0
ORD5778,CUST1778,45,Female,PROD978,Pakistan,11-11-2020,10/18/2022,4,cancelled,155.82,4,12,Cycling Helmet,Sports,4.4,0
ORD5779,CUST1779,48,Male,PROD979,UK,7/22/2022,6/23/2025,0,paused,106.1,8,4,Refrigerator,Home,4.1,0
ORD5780,CUST1780,22,Female,PROD980,India,12/26/2021,04-11-2023,4,active,1612.53,1,17,Conditioner,Beauty,3.6,1
ORD5781,CUST1781,25,Female,PROD981,USA,02-11-2022,4/25/2022,1,active,62.63,9,25,Camera,Electronics,3.8,0
ORD5782,CUST1782,57,Female,PROD982,India,07-06-2023,6/20/2024,2,active,119.67,8,27,Laptop,Electronics,3.6,1
ORD5783,CUST1783,47,Male,PROD983,Pakistan,7/24/2022,08-01-2023,1,active,521.39,2,45,Dumbbells,Sports,4.2,0
ORD5784,CUST1784,50,Female,PROD984,UK,03-09-2023,11-02-2024,5,paused,206.37,9,8,Foundation,Beauty,4.4,0
ORD5785,CUST1785,43,Male,PROD985,India,04-11-2023,7/13/2024,1,active,415.32,4,17,Nail Polish,Beauty,3.8,0
ORD5786,CUST1786,31,Male,PROD986,Germany,8/16/2021,07-08-2025,5,active,591.74,2,27,Headphones,Electronics,4.2,0
ORD5787,CUST1787,47,Female,PROD987,Canada,5/19/2022,7/20/2024,3,cancelled,80.74,8,33,Dress,Clothing,4.3,0
ORD5788,CUST1788,24,Female,PROD988,Canada,1/20/2021,1/28/2023,2,active,306.56,6,3,Nail Polish,Beauty,4.4,0
ORD5789,CUST1789,21,Female,PROD989,Canada,8/15/2022,03-06-2025,4,cancelled,355.84,5,34,Gaming Console,Electronics,4.1,0
ORD5790,CUST1790,61,Female,PROD990,Pakistan,08-02-2021,4/24/2023,4,paused,1830.76,1,38,Refrigerator,Home,4.4,0
ORD5791,CUST1791,30,Male,PROD991,Pakistan,3/29/2021,12-11-2023,2,active,160.18,7,5,Conditioner,Beauty,4.4,0
ORD5792,CUST1792,40,Female,PROD992,India,3/16/2023,2/16/2024,0,active,617.63,3,24,Face Wash,Beauty,4.4,0
ORD5793,CUST1793,50,Female,PROD993,India,9/21/2021,3/15/2022,2,cancelled,535.52,3,1,Football,Sports,4.4,0
ORD5794,CUST1794,67,Male,PROD994,India,10/15/2020,08-10-2025,2,cancelled,182.19,5,19,Sneakers,Clothing,4.3,0
ORD5795,CUST1795,46,Female,PROD995,UK,03-04-2023,05-03-2024,2,active,93.02,4,41,Refrigerator,Home,4.3,0
ORD5796,CUST1796,20,Male,PROD996,Canada,1/22/2022,06-05-2023,1,active,166.0,8,39,Dining Table,Home,4.3,0
ORD5797,CUST1797,54,Female,PROD997,India,2/15/2021,09-09-2022,0,active,70.69,6,38,Sofa,Home,4.2,0
ORD5798,CUST1798,42,Female,PROD998,UK,02-08-2021,1/17/2025,1,cancelled,389.13,4,38,Running Shoes,Sports,4.3,0
ORD5799,CUST1799,49,Male,PROD999,Germany,7/26/2022,04-06-2023,3,active,775.47,1,36,Yoga Mat,Sports,4.2,0
ORD5800,CUST1800,46,Female,PROD1000,UK,4/30/2022,05-09-2024,2,active,275.37,6,30,Smartphone,Electronics,3.8,0
ORD5801,CUST1801,24,Female,PROD1001,UK,4/20/2021,10/15/2024,2,active,70.36,8,45,Shirt,Clothing,4.3,0
ORD5802,CUST1802,19,Male,PROD1002,UK,11/15/2022,7/15/2025,1,active,584.12,2,38,Nail Polish,Beauty,4.5,0
ORD5803,CUST1803,65,Male,PROD1003,Canada,04-03-2021,08-12-2024,1,cancelled,275.07,7,25,Moisturizer,Beauty,4.1,0
ORD5804,CUST1804,19,Male,PROD1004,USA,11/20/2021,5/13/2023,3,active,228.54,6,18,Blender,Home,4.2,0
ORD5805,CUST1805,42,Female,PROD1005,Germany,01-12-2023,2/13/2024,2,cancelled,206.83,6,3,Chair,Home,4.0,0
ORD5806,CUST1806,30,Male,PROD1006,Pakistan,9/15/2022,10/26/2022,1,active,164.25,3,8,Shampoo,Beauty,4.1,0
ORD5807,CUST1807,54,Female,PROD1007,India,4/24/2023,5/15/2024,5,paused,59.56,9,15,Dumbbells,Sports,4.1,0
ORD5808,CUST1808,68,Male,PROD1008,Germany,6/18/2021,4/28/2023,0,active,321.07,6,37,Football,Sports,4.3,0
ORD5809,CUST1809,39,Male,PROD1009,India,07-08-2021,7/15/2023,5,cancelled,1727.6,1,38,Smartphone,Electronics,4.5,0
ORD5810,CUST1810,39,Male,PROD1010,UK,9/24/2021,4/23/2024,5,active,636.4,1,38,Perfume,Beauty,4.5,0
ORD5811,CUST1811,19,Male,PROD1011,USA,11/18/2022,04-04-2023,1,active,3.22,8,29,Shirt,Clothing,4.1,0
ORD5812,CUST1812,31,Male,PROD1012,India,06-09-2021,08-04-2022,3,paused,412.53,3,15,Dining Table,Home,4.3,0
ORD5813,CUST1813,36,Female,PROD1013,Germany,02-06-2023,2/15/2023,0,active,6.28,6,23,Jacket,Clothing,3.6,1
ORD5814,CUST1814,48,Female,PROD1014,USA,9/13/2020,07-11-2023,4,active,220.15,4,11,Lipstick,Beauty,4.4,0
ORD5815,CUST1815,32,Male,PROD1015,India,4/20/2022,12/19/2022,1,active,386.61,3,13,Shirt,Clothing,4.5,0
ORD5816,CUST1816,66,Male,PROD1016,UK,12-04-2022,7/16/2024,1,active,133.37,8,33,Jacket,Clothing,3.9,0
ORD5817,CUST1817,46,Female,PROD1017,Germany,06-11-2022,2/21/2024,4,paused,159.66,8,27,Smartwatch,Electronics,4.0,0
ORD5818,CUST1818,47,Male,PROD1018,Germany,3/26/2021,11/23/2024,1,paused,777.63,2,5,Moisturizer,Beauty,4.0,0
ORD5819,CUST1819,65,Female,PROD1019,Canada,5/20/2023,5/14/2025,0,active,160.33,8,49,Tennis Racket,Sports,4.4,0
ORD5820,CUST1820,36,Female,PROD1020,USA,2/22/2021,4/21/2023,3,cancelled,281.82,6,38,Lipstick,Beauty,4.6,0
ORD5821,CUST1821,54,Male,PROD1021,Canada,10-05-2021,07-11-2023,2,active,32.79,5,8,Foundation,Beauty,4.4,0
ORD5822,CUST1822,67,Male,PROD1022,USA,12/17/2022,09-11-2023,0,active,64.02,9,49,Shampoo,Beauty,4.4,0
ORD5823,CUST1823,65,Female,PROD1023,Canada,11-04-2021,2/16/2025,5,active,219.25,6,7,Vacuum Cleaner,Home,4.3,0
ORD5824,CUST1824,36,Female,PROD1024,Germany,10-03-2022,7/29/2025,3,cancelled,240.97,3,12,Headphones,Electronics,4.3,0
ORD5825,CUST1825,59,Other,PROD1025,Germany,11/17/2022,04-10-2023,0,cancelled,109.65,8,33,Lipstick,Beauty,4.4,0
ORD5826,CUST1826,63,Female,PROD1026,UK,08-05-2022,01-11-2023,5,paused,147.48,4,33,Tablet,Electronics,4.0,0
ORD5827,CUST1827,29,Female,PROD1027,Germany,5/26/2022,2/19/2023,0,cancelled,285.81,4,22,Shampoo,Beauty,4.2,0
ORD5828,CUST1828,46,Male,PROD1028,UK,08-08-2021,1/29/2022,4,paused,247.44,2,4,Shirt,Clothing,3.8,0
ORD5829,CUST1829,61,Male,PROD1029,Pakistan,11-04-2020,5/30/2024,4,active,392.68,5,24,Dumbbells,Sports,4.1,0
ORD5830,CUST1830,21,Female,PROD1030,USA,12-09-2021,10/25/2023,1,paused,571.02,2,47,Smartwatch,Electronics,4.2,0
ORD5831,CUST1831,67,Female,PROD1031,Germany,4/21/2022,12/22/2023,0,active,193.46,9,1,Conditioner,Beauty,4.2,0
ORD5832,CUST1832,60,Female,PROD1032,Canada,1/26/2022,03-09-2025,0,cancelled,212.68,9,10,Chair,Home,4.4,0
ORD5833,CUST1833,26,Male,PROD1033,India,4/18/2022,4/26/2024,5,active,630.94,3,26,Hoodie,Clothing,4.3,0
ORD5834,CUST1834,47,Male,PROD1034,Pakistan,10-07-2020,6/14/2024,1,paused,1649.05,1,18,Dumbbells,Sports,4.1,0
ORD5835,CUST1835,67,Female,PROD1035,UK,9/15/2022,2/23/2023,5,active,235.74,7,4,Vacuum Cleaner,Home,4.4,0
ORD5836,CUST1836,57,Other,PROD1036,India,3/29/2022,6/26/2023,0,cancelled,280.06,2,36,Yoga Mat,Sports,3.9,0
ORD5837,CUST1837,61,Other,PROD1037,Canada,10-03-2021,8/22/2024,3,paused,407.36,2,7,Chair,Home,3.9,0
ORD5838,CUST1838,49,Male,PROD1038,India,05-01-2021,7/24/2022,0,cancelled,15.74,6,38,Football,Sports,3.6,1
ORD5839,CUST1839,36,Female,PROD1039,Pakistan,8/30/2021,07-08-2024,5,cancelled,192.7,6,6,Gaming Console,Electronics,4.4,0
ORD5840,CUST1840,27,Female,PROD1040,Germany,4/20/2021,12/28/2021,3,active,69.18,5,36,Chair,Home,4.0,0
ORD5841,CUST1841,42,Male,PROD1041,Germany,1/17/2023,7/22/2023,5,cancelled,579.37,3,40,Skirt,Clothing,3.5,1
ORD5842,CUST1842,32,Female,PROD1042,India,9/28/2021,03-10-2022,1,paused,394.58,3,39,Yoga Mat,Sports,4.1,0
ORD5843,CUST1843,62,Female,PROD1043,Canada,8/31/2020,06-09-2025,0,active,225.37,5,38,Skirt,Clothing,4.1,0
ORD5844,CUST1844,29,Other,PROD1044,UK,06-06-2023,05-05-2025,2,cancelled,134.1,3,34,Jeans,Clothing,4.0,0
ORD5845,CUST1845,60,Female,PROD1045,Canada,1/18/2023,4/18/2024,2,cancelled,271.53,5,45,Vacuum Cleaner,Home,4.1,0
ORD5846,CUST1846,53,Female,PROD1046,India,1/18/2023,02-05-2025,3,cancelled,185.23,4,5,Bluetooth Speaker,Electronics,4.0,0
ORD5847,CUST1847,28,Male,PROD1047,Germany,7/24/2021,09-11-2021,1,active,659.34,3,1,Tablet,Electronics,3.8,0
ORD5848,CUST1848,69,Female,PROD1048,Germany,12/26/2021,8/22/2023,4,cancelled,115.48,2,35,Cricket Bat,Sports,4.3,0
ORD5849,CUST1849,23,Male,PROD1049,Germany,04-01-2021,11/23/2024,0,active,216.91,4,41,Sneakers,Clothing,4.2,0
ORD5850,CUST1850,55,Male,PROD1050,Germany,3/26/2021,3/28/2024,1,active,565.54,2,15,Shirt,Clothing,4.1,0
ORD5851,CUST1851,38,Female,PROD1051,Germany,4/21/2023,02-06-2025,2,cancelled,1146.75,1,31,Tennis Racket,Sports,4.2,0
ORD5852,CUST1852,21,Male,PROD1052,India,06-02-2021,7/22/2024,4,paused,308.27,6,29,Sneakers,Clothing,4.5,0
ORD5853,CUST1853,57,Male,PROD1053,USA,12-04-2021,7/30/2025,0,active,35.94,6,47,Football,Sports,4.6,0
ORD5854,CUST1854,42,Female,PROD1054,Canada,1/30/2022,5/29/2024,4,active,59.83,7,40,Tennis Racket,Sports,4.3,0
ORD5855,CUST1855,49,Female,PROD1055,USA,06-03-2023,04-06-2025,0,active,71.23,5,28,Perfume,Beauty,4.0,0
ORD5856,CUST1856,57,Female,PROD1056,Germany,06-12-2023,07-01-2023,3,active,57.8,9,37,Refrigerator,Home,4.2,0
ORD5857,CUST1857,66,Female,PROD1057,USA,3/30/2023,05-08-2023,3,active,168.42,8,36,Cycling Helmet,Sports,3.3,1
ORD5858,CUST1858,59,Male,PROD1058,USA,05-08-2023,12/15/2024,3,active,459.91,4,20,Shirt,Clothing,4.3,0
ORD5859,CUST1859,19,Male,PROD1059,India,8/17/2021,4/18/2022,3,active,553.7,3,34,Lamp,Home,3.7,1
ORD5860,CUST1860,35,Female,PROD1060,Germany,02-03-2022,06-11-2023,1,paused,109.72,9,46,Dining Table,Home,3.9,0
ORD5861,CUST1861,30,Female,PROD1061,Canada,05-03-2021,12/26/2024,4,active,185.49,8,5,Football,Sports,4.3,0
ORD5862,CUST1862,65,Female,PROD1062,Germany,05-02-2021,7/13/2021,3,cancelled,120.62,7,43,Vacuum Cleaner,Home,4.1,0
ORD5863,CUST1863,31,Male,PROD1063,USA,8/19/2023,5/29/2024,4,active,12.13,8,49,Smartphone,Electronics,4.2,0
ORD5864,CUST1864,62,Male,PROD1064,Pakistan,6/16/2022,05-09-2024,0,active,125.67,8,4,Foundation,Beauty,4.5,0
ORD5865,CUST1865,61,Male,PROD1065,Germany,08-04-2021,11/29/2023,1,active,257.64,5,11,Lamp,Home,4.0,0
ORD5866,CUST1866,47,Female,PROD1066,Pakistan,10-02-2020,03-04-2025,4,cancelled,271.11,3,30,Yoga Mat,Sports,4.5,0
ORD5867,CUST1867,48,Female,PROD1067,USA,6/17/2021,9/24/2021,4,cancelled,163.32,9,45,Nail Polish,Beauty,3.5,1
ORD5868,CUST1868,53,Female,PROD1068,USA,10/19/2022,9/28/2023,4,active,392.26,5,1,Dumbbells,Sports,4.5,0
ORD5869,CUST1869,55,Female,PROD1069,Germany,9/20/2022,7/29/2023,3,active,13.61,6,4,Shampoo,Beauty,4.3,0
ORD5870,CUST1870,68,Female,PROD1070,Pakistan,8/28/2021,03-09-2022,5,active,216.65,3,7,Hoodie,Clothing,3.3,1
ORD5871,CUST1871,67,Female,PROD1071,Pakistan,1/24/2021,11-11-2022,3,cancelled,16.71,2,40,Sofa,Home,4.1,0
ORD5872,CUST1872,18,Male,PROD1072,Canada,11/30/2021,02-03-2022,0,paused,175.08,9,22,Sofa,Home,3.8,0
ORD5873,CUST1873,32,Male,PROD1073,Germany,8/30/2020,3/30/2025,1,active,14.48,3,43,Hoodie,Clothing,3.5,1
ORD5874,CUST1874,46,Male,PROD1074,Germany,9/18/2020,01-01-2025,2,active,278.55,7,46,Dress,Clothing,4.1,0
ORD5875,CUST1875,62,Female,PROD1075,India,4/22/2021,02-09-2023,1,active,214.18,9,2,Dining Table,Home,4.5,0
ORD5876,CUST1876,23,Female,PROD1076,Germany,04-07-2022,4/22/2025,5,cancelled,230.54,3,49,Yoga Mat,Sports,4.4,0
ORD5877,CUST1877,20,Female,PROD1077,India,6/19/2021,6/26/2024,5,paused,389.52,3,32,Jacket,Clothing,4.1,0
ORD5878,CUST1878,66,Male,PROD1078,Germany,4/29/2022,7/31/2023,2,paused,51.37,7,38,Dumbbells,Sports,4.3,0
ORD5879,CUST1879,57,Female,PROD1079,Canada,12/27/2020,1/25/2021,1,cancelled,122.69,3,2,Jeans,Clothing,3.6,1
ORD5880,CUST1880,69,Other,PROD1080,USA,11/14/2022,5/24/2025,2,active,330.62,6,14,Skirt,Clothing,4.0,0
ORD5881,CUST1881,18,Male,PROD1081,USA,07-08-2022,02-03-2023,3,active,158.04,9,19,Hoodie,Clothing,4.1,0
ORD5882,CUST1882,33,Male,PROD1082,Germany,1/28/2021,07-10-2025,4,active,206.38,3,10,Moisturizer,Beauty,4.5,0
ORD5883,CUST1883,24,Female,PROD1083,UK,12/31/2020,1/17/2022,3,paused,79.18,8,35,Cricket Bat,Sports,4.2,0
ORD5884,CUST1884,45,Female,PROD1084,Germany,1/30/2023,7/31/2023,2,cancelled,255.14,6,39,Dining Table,Home,4.3,0
ORD5885,CUST1885,57,Female,PROD1085,India,9/18/2021,5/23/2022,1,active,37.3,8,35,Yoga Mat,Sports,4.2,0
ORD5886,CUST1886,61,Female,PROD1086,Pakistan,6/16/2023,8/21/2024,5,active,204.47,8,19,Shirt,Clothing,4.6,0
ORD5887,CUST1887,46,Female,PROD1087,Germany,06-01-2021,10-10-2023,5,cancelled,67.58,2,34,Cricket Bat,Sports,4.5,0
ORD5888,CUST1888,61,Male,PROD1088,India,04-10-2021,8/24/2022,0,active,120.78,8,36,Football,Sports,4.3,0
ORD5889,CUST1889,51,Male,PROD1089,UK,11/16/2022,12/27/2024,4,active,11.14,5,1,Running Shoes,Sports,4.1,0
ORD5890,CUST1890,48,Female,PROD1090,USA,11-02-2021,12/16/2022,0,active,1928.31,1,21,Tablet,Electronics,4.5,0
ORD5891,CUST1891,50,Female,PROD1091,Germany,5/14/2022,5/25/2025,0,active,90.22,9,5,T-Shirt,Clothing,3.5,1
ORD5892,CUST1892,55,Female,PROD1092,UK,2/16/2021,11/18/2024,1,paused,571.94,3,24,Gaming Console,Electronics,4.4,0
ORD5893,CUST1893,35,Female,PROD1093,India,12-11-2021,7/18/2025,0,cancelled,294.41,5,32,Refrigerator,Home,4.2,0
ORD5894,CUST1894,21,Other,PROD1094,Pakistan,5/15/2021,09-07-2024,0,paused,68.21,7,22,Moisturizer,Beauty,4.4,0
ORD5895,CUST1895,51,Female,PROD1095,Germany,9/13/2022,3/18/2023,2,active,134.68,3,31,Sneakers,Clothing,4.4,0
ORD5896,CUST1896,50,Other,PROD1096,Pakistan,12-03-2022,11/15/2024,5,active,295.07,5,42,Chair,Home,4.2,0
ORD5897,CUST1897,44,Female,PROD1097,Pakistan,03-10-2021,02-11-2024,5,active,168.3,9,17,Football,Sports,4.5,0
ORD5898,CUST1898,39,Male,PROD1098,India,8/28/2020,10/24/2023,3,paused,134.51,9,32,Yoga Mat,Sports,4.3,0
ORD5899,CUST1899,50,Male,PROD1099,USA,11/27/2020,03-04-2022,1,cancelled,203.05,7,43,Tennis Racket,Sports,3.8,0
ORD5900,CUST1900,32,Male,PROD1100,USA,03-11-2023,01-08-2024,2,active,645.38,3,9,Smartphone,Electronics,3.9,0
ORD5901,CUST1901,64,Male,PROD1101,Germany,12-09-2020,12/14/2024,1,active,395.81,4,44,Smartwatch,Electronics,4.0,0
ORD5902,CUST1902,32,Male,PROD1102,UK,03-02-2023,11/15/2023,5,active,326.37,4,2,T-Shirt,Clothing,4.1,0
ORD5903,CUST1903,20,Female,PROD1103,India,5/14/2022,08-10-2024,1,active,1200.43,1,31,Shampoo,Beauty,4.4,0
ORD5904,CUST1904,44,Female,PROD1104,USA,12/27/2022,02-11-2025,2,active,772.71,2,4,Smartphone,Electronics,4.4,0
ORD5905,CUST1905,40,Female,PROD1105,USA,09-07-2020,07-12-2025,4,active,23.66,7,46,Jeans,Clothing,4.4,0
ORD5906,CUST1906,24,Male,PROD1106,Germany,6/29/2021,01-11-2025,4,active,285.94,6,31,Skirt,Clothing,3.5,1
ORD5907,CUST1907,21,Female,PROD1107,UK,11/13/2021,1/21/2025,1,active,412.26,4,9,Sneakers,Clothing,4.5,0
ORD5908,CUST1908,54,Male,PROD1108,Germany,07-03-2021,5/28/2023,3,active,111.59,7,42,Bluetooth Speaker,Electronics,4.1,0
ORD5909,CUST1909,23,Male,PROD1109,USA,6/18/2022,6/13/2024,5,active,135.86,7,29,Running Shoes,Sports,4.4,0
ORD5910,CUST1910,64,Female,PROD1110,UK,12-08-2021,05-07-2022,3,paused,652.41,3,26,Dumbbells,Sports,4.1,0
ORD5911,CUST1911,62,Female,PROD1111,Canada,12/26/2020,04-04-2024,3,active,27.29,7,34,Sneakers,Clothing,4.2,0
ORD5912,CUST1912,23,Female,PROD1112,USA,04-04-2023,1/17/2025,1,cancelled,113.52,8,43,Jacket,Clothing,4.2,0
ORD5913,CUST1913,28,Male,PROD1113,India,07-08-2023,02-01-2025,3,cancelled,162.82,4,11,Smartphone,Electronics,4.3,0
ORD5914,CUST1914,63,Female,PROD1114,Germany,2/22/2021,11-09-2024,5,cancelled,12.45,8,8,Lamp,Home,4.3,0
ORD5915,CUST1915,38,Female,PROD1115,USA,02-07-2022,10/14/2023,0,cancelled,105.53,2,26,Skirt,Clothing,3.7,1
ORD5916,CUST1916,51,Female,PROD1116,USA,07-11-2022,8/23/2022,5,cancelled,177.37,9,37,Skirt,Clothing,3.9,0
ORD5917,CUST1917,67,Male,PROD1117,Canada,6/26/2022,10/25/2022,5,active,236.75,1,24,Laptop,Electronics,4.5,0
ORD5918,CUST1918,51,Female,PROD1118,Pakistan,11-11-2022,4/13/2023,0,active,89.84,6,43,Dumbbells,Sports,4.1,0
ORD5919,CUST1919,31,Female,PROD1119,Pakistan,9/28/2020,12/18/2021,5,active,236.87,8,40,Sneakers,Clothing,4.0,0
ORD5920,CUST1920,48,Male,PROD1120,Pakistan,05-10-2022,12-09-2023,2,cancelled,485.77,4,49,Microwave,Home,3.8,0
ORD5921,CUST1921,36,Male,PROD1121,India,11/29/2022,11/25/2024,5,active,223.3,6,22,Yoga Mat,Sports,3.4,1
ORD5922,CUST1922,68,Female,PROD1122,Canada,12-01-2020,4/23/2021,2,cancelled,141.79,8,17,Lamp,Home,4.3,0
ORD5923,CUST1923,44,Male,PROD1123,USA,04-05-2021,03-02-2022,4,active,316.21,6,22,Basketball,Sports,4.3,0
ORD5924,CUST1924,66,Female,PROD1124,UK,5/27/2021,05-08-2025,1,active,253.96,1,37,Blender,Home,4.3,0
ORD5925,CUST1925,33,Female,PROD1125,India,1/18/2023,1/30/2024,0,paused,314.54,1,39,Dining Table,Home,4.2,0
ORD5926,CUST1926,44,Other,PROD1126,UK,04-08-2021,3/24/2023,4,active,183.6,7,30,Headphones,Electronics,4.1,0
ORD5927,CUST1927,54,Female,PROD1127,Germany,9/28/2020,09-10-2023,3,paused,326.2,5,16,Refrigerator,Home,4.0,0
ORD5928,CUST1928,19,Male,PROD1128,India,10/31/2020,6/13/2023,1,paused,203.29,9,8,Conditioner,Beauty,4.3,0
ORD5929,CUST1929,21,Other,PROD1129,UK,10/15/2021,05-01-2022,0,active,287.98,4,38,Jeans,Clothing,4.0,0
ORD5930,CUST1930,42,Female,PROD1130,Pakistan,4/22/2023,10/14/2023,3,active,1187.15,1,37,Vacuum Cleaner,Home,4.1,0
ORD5931,CUST1931,31,Female,PROD1131,USA,6/18/2021,9/15/2024,1,active,41.26,2,43,Tennis Racket,Sports,4.0,0
ORD5932,CUST1932,25,Male,PROD1132,UK,09-07-2020,5/14/2025,5,active,442.11,4,32,Shampoo,Beauty,3.8,0
ORD5933,CUST1933,21,Male,PROD1133,Canada,09-08-2021,1/27/2025,0,active,157.4,7,45,Lipstick,Beauty,4.2,0
ORD5934,CUST1934,30,Female,PROD1134,USA,03-05-2022,04-08-2025,0,active,840.86,2,21,Tennis Racket,Sports,4.3,0
ORD5935,CUST1935,43,Female,PROD1135,Canada,10/23/2022,05-05-2024,3,paused,267.94,6,40,Refrigerator,Home,4.4,0
ORD5936,CUST1936,40,Male,PROD1136,UK,1/24/2022,9/16/2023,5,active,221.07,8,27,Sofa,Home,4.1,0
ORD5937,CUST1937,52,Male,PROD1137,Germany,4/15/2021,6/22/2024,0,cancelled,198.6,4,47,Shirt,Clothing,4.5,0
ORD5938,CUST1938,69,Female,PROD1138,Canada,12-05-2020,4/30/2022,1,active,1782.82,1,47,Dumbbells,Sports,4.0,0
ORD5939,CUST1939,45,Male,PROD1139,Pakistan,3/18/2022,7/21/2022,3,cancelled,246.91,7,25,Tablet,Electronics,4.2,0
ORD5940,CUST1940,26,Male,PROD1140,Pakistan,07-08-2021,2/26/2023,0,paused,41.5,7,7,Cricket Bat,Sports,3.9,0
ORD5941,CUST1941,27,Male,PROD1141,USA,11-06-2022,6/29/2024,3,active,49.54,5,2,Cricket Bat,Sports,4.3,0
ORD5942,CUST1942,56,Female,PROD1142,UK,05-06-2022,1/21/2024,1,active,394.99,5,35,Jacket,Clothing,4.0,0
ORD5943,CUST1943,38,Female,PROD1143,Germany,3/13/2023,04-04-2023,0,active,117.48,6,47,Yoga Mat,Sports,4.2,0
ORD5944,CUST1944,33,Male,PROD1144,India,2/21/2021,3/16/2024,5,cancelled,262.89,4,14,Football,Sports,4.3,0
ORD5945,CUST1945,19,Male,PROD1145,Canada,04-05-2022,12-07-2022,0,paused,113.64,9,17,Foundation,Beauty,4.2,0
ORD5946,CUST1946,44,Female,PROD1146,Germany,7/18/2023,1/18/2024,1,paused,871.85,2,23,Dress,Clothing,4.2,0
ORD5947,CUST1947,69,Male,PROD1147,USA,5/31/2022,6/22/2022,5,active,470.37,3,37,Laptop,Electronics,4.1,0
ORD5948,CUST1948,39,Male,PROD1148,USA,12-11-2020,06-07-2021,5,active,349.45,5,22,Cycling Helmet,Sports,4.3,0
ORD5949,CUST1949,67,Female,PROD1149,India,10/20/2021,7/25/2022,0,paused,246.71,6,12,Perfume,Beauty,4.3,0
ORD5950,CUST1950,22,Male,PROD1150,Germany,04-09-2023,4/22/2024,2,active,219.88,4,48,Skirt,Clothing,4.2,0
ORD5951,CUST1951,57,Female,PROD1151,Canada,09-09-2022,09-02-2023,5,active,38.9,7,48,Vacuum Cleaner,Home,4.5,0
ORD5952,CUST1952,18,Male,PROD1152,Pakistan,8/27/2022,8/14/2023,5,active,235.66,6,9,Foundation,Beauty,4.4,0
ORD5953,CUST1953,30,Female,PROD1153,Canada,4/13/2021,4/13/2025,1,active,1880.02,1,48,Blender,Home,4.2,0
ORD5954,CUST1954,64,Male,PROD1154,Pakistan,6/15/2023,12/21/2024,4,cancelled,55.52,9,42,Cricket Bat,Sports,4.1,0
ORD5955,CUST1955,45,Female,PROD1155,USA,04-11-2023,02-09-2025,1,active,73.02,6,21,Perfume,Beauty,4.3,0
ORD5956,CUST1956,58,Male,PROD1156,Pakistan,11/28/2021,3/27/2025,3,active,1802.85,1,37,T-Shirt,Clothing,4.4,0
ORD5957,CUST1957,21,Male,PROD1157,Pakistan,10-12-2021,10/27/2021,5,cancelled,778.38,2,28,Sneakers,Clothing,4.1,0
ORD5958,CUST1958,22,Female,PROD1158,Pakistan,1/27/2022,9/29/2024,3,cancelled,128.14,9,9,Bluetooth Speaker,Electronics,3.6,1
ORD5959,CUST1959,36,Female,PROD1159,Germany,08-02-2021,07-08-2022,3,active,175.21,7,5,Basketball,Sports,4.0,0
ORD5960,CUST1960,24,Male,PROD1160,India,10-03-2020,3/15/2025,4,cancelled,178.84,3,34,Basketball,Sports,4.0,0
ORD5961,CUST1961,65,Female,PROD1161,Canada,1/21/2022,8/13/2022,1,active,100.8,6,38,Dining Table,Home,4.4,0
ORD5962,CUST1962,56,Male,PROD1162,USA,10/31/2021,7/25/2025,0,active,469.18,3,12,Smartwatch,Electronics,3.9,0
ORD5963,CUST1963,21,Male,PROD1163,India,9/26/2022,5/19/2023,1,cancelled,395.18,5,7,Sneakers,Clothing,4.3,0
ORD5964,CUST1964,39,Female,PROD1164,Canada,11/14/2022,05-01-2025,3,active,66.9,7,5,T-Shirt,Clothing,4.6,0
ORD5965,CUST1965,39,Female,PROD1165,Pakistan,11-04-2021,12/21/2023,3,cancelled,228.96,7,11,Sneakers,Clothing,4.4,0
ORD5966,CUST1966,29,Male,PROD1166,USA,5/13/2021,2/19/2024,2,paused,150.3,5,44,Perfume,Beauty,4.5,0
ORD5967,CUST1967,32,Male,PROD1167,Germany,7/31/2021,5/20/2022,2,cancelled,77.12,3,31,Chair,Home,3.9,0
ORD5968,CUST1968,54,Female,PROD1168,Pakistan,03-10-2021,06-12-2024,1,active,72.21,6,29,Lamp,Home,4.1,0
ORD5969,CUST1969,36,Male,PROD1169,India,6/20/2023,12-11-2024,1,cancelled,196.33,3,22,Camera,Electronics,4.3,0
ORD5970,CUST1970,47,Male,PROD1170,Germany,3/17/2022,3/19/2025,4,active,3.79,6,47,Moisturizer,Beauty,4.5,0
ORD5971,CUST1971,29,Female,PROD1171,India,4/18/2022,11/14/2024,5,active,106.22,3,36,Dining Table,Home,4.5,0
ORD5972,CUST1972,62,Female,PROD1172,India,01-05-2023,7/24/2025,2,cancelled,180.75,3,37,Nail Polish,Beauty,3.6,1
ORD5973,CUST1973,61,Female,PROD1173,Pakistan,9/25/2021,1/18/2025,3,active,296.92,4,28,Camera,Electronics,4.1,0
ORD5974,CUST1974,63,Male,PROD1174,Canada,03-02-2022,1/23/2023,5,active,29.5,8,14,Jacket,Clothing,4.3,0
ORD5975,CUST1975,53,Female,PROD1175,India,05-06-2022,5/24/2025,2,active,31.86,9,14,Tablet,Electronics,3.8,0
ORD5976,CUST1976,43,Female,PROD1176,USA,06-12-2023,11-07-2023,0,active,145.88,7,9,Basketball,Sports,4.6,0
ORD5977,CUST1977,63,Male,PROD1177,Canada,5/26/2021,12-03-2022,5,active,296.35,4,8,Camera,Electronics,4.1,0
ORD5978,CUST1978,61,Male,PROD1178,Pakistan,12/14/2022,9/18/2023,0,active,488.66,4,20,Camera,Electronics,4.0,0
ORD5979,CUST1979,29,Female,PROD1179,Canada,07-03-2022,6/25/2025,1,paused,132.21,4,6,Lipstick,Beauty,4.5,0
ORD5980,CUST1980,64,Female,PROD1180,Pakistan,4/18/2022,2/26/2025,3,paused,213.5,7,39,Jacket,Clothing,4.3,0
ORD5981,CUST1981,46,Male,PROD1181,UK,6/27/2023,4/18/2025,3,cancelled,160.9,7,41,Hoodie,Clothing,4.0,0
ORD5982,CUST1982,67,Male,PROD1182,Pakistan,9/28/2020,09-11-2022,1,cancelled,58.81,7,46,Lipstick,Beauty,4.5,0
ORD5983,CUST1983,37,Male,PROD1183,UK,04-10-2022,5/15/2022,0,active,211.84,6,30,Camera,Electronics,4.0,0
ORD5984,CUST1984,25,Male,PROD1184,India,3/14/2021,06-10-2022,1,active,1982.82,1,7,Sneakers,Clothing,4.5,0
ORD5985,CUST1985,22,Male,PROD1185,Pakistan,02-06-2023,03-07-2024,3,paused,9.93,8,28,Tennis Racket,Sports,4.1,0
ORD5986,CUST1986,54,Male,PROD1186,Germany,04-01-2021,02-04-2024,3,active,7.25,8,29,Jeans,Clothing,4.3,0
ORD5987,CUST1987,18,Female,PROD1187,UK,2/19/2023,4/24/2023,4,active,21.48,9,17,Bluetooth Speaker,Electronics,4.1,0
ORD5988,CUST1988,44,Male,PROD1188,Germany,01-08-2023,7/31/2023,4,active,211.96,1,3,Chair,Home,4.0,0
ORD5989,CUST1989,62,Female,PROD1189,India,12/25/2022,06-07-2024,0,active,231.71,4,2,Blender,Home,4.1,0
ORD5990,CUST1990,42,Female,PROD1190,UK,2/24/2022,10/29/2022,1,active,186.02,6,11,Conditioner,Beauty,4.1,0
ORD5991,CUST1991,53,Female,PROD1191,Pakistan,02-11-2021,9/19/2024,1,paused,437.26,1,8,Smartphone,Electronics,4.4,0
ORD5992,CUST1992,26,Other,PROD1192,Pakistan,2/13/2022,2/15/2024,1,cancelled,139.94,3,33,Perfume,Beauty,4.0,0
ORD5993,CUST1993,40,Female,PROD1193,UK,12/20/2022,11/21/2023,2,active,125.24,4,3,Smartphone,Electronics,4.1,0
ORD5994,CUST1994,49,Female,PROD1194,Pakistan,12-09-2020,3/22/2021,5,active,404.7,1,19,Refrigerator,Home,4.4,0
ORD5995,CUST1995,32,Female,PROD1195,Pakistan,9/13/2020,05-07-2023,5,active,141.68,8,21,Perfume,Beauty,4.3,0
ORD5996,CUST1996,39,Male,PROD1196,Canada,11/20/2021,06-05-2025,1,active,297.66,5,27,Cricket Bat,Sports,4.2,0
ORD5997,CUST1997,53,Female,PROD1197,UK,10/13/2022,10/15/2023,2,active,36.92,5,24,Football,Sports,3.6,1
ORD5998,CUST1998,68,Female,PROD1198,Canada,02-05-2023,05-02-2023,1,active,11.28,2,32,Cycling Helmet,Sports,4.2,0
ORD5999,CUST1999,63,Male,PROD1199,Germany,11-03-2022,01-11-2023,4,cancelled,62.25,3,40,Cricket Bat,Sports,4.2,0
ORD6000,CUST2000,40,Male,PROD1200,USA,3/30/2023,01-11-2025,2,paused,317.92,4,48,Foundation,Beauty,3.9,0
ORD6001,CUST2001,50,Male,PROD1201,Canada,06-01-2023,10-05-2023,5,active,273.87,6,22,Face Wash,Beauty,4.2,0
ORD6002,CUST2002,55,Male,PROD1202,Germany,09-01-2021,1/14/2024,5,cancelled,408.29,2,37,Laptop,Electronics,4.5,0
ORD6003,CUST2003,66,Female,PROD1203,UK,4/19/2021,01-05-2024,0,active,168.28,7,48,Sofa,Home,4.3,0
ORD6004,CUST2004,55,Male,PROD1204,UK,7/20/2021,08-02-2025,0,active,365.91,3,34,Yoga Mat,Sports,4.2,0
ORD6005,CUST2005,26,Female,PROD1205,India,5/17/2022,02-07-2024,2,paused,54.74,9,20,Shirt,Clothing,4.1,0
ORD6006,CUST2006,36,Male,PROD1206,India,7/28/2021,09-05-2023,5,active,343.61,5,5,Perfume,Beauty,4.1,0
ORD6007,CUST2007,36,Male,PROD1207,Germany,5/29/2021,07-12-2023,3,paused,144.61,8,16,Perfume,Beauty,4.6,0
ORD6008,CUST2008,46,Male,PROD1208,Pakistan,10/18/2021,12/19/2023,5,cancelled,232.44,5,38,Cricket Bat,Sports,3.8,0
ORD6009,CUST2009,68,Female,PROD1209,Germany,02-08-2021,11/29/2021,2,active,379.58,3,20,Bluetooth Speaker,Electronics,4.3,0
ORD6010,CUST2010,40,Other,PROD1210,UK,02-01-2021,8/17/2023,1,active,95.69,9,2,Refrigerator,Home,4.2,0
ORD6011,CUST2011,57,Male,PROD1211,UK,10-10-2021,11/30/2023,4,active,349.76,5,21,Running Shoes,Sports,4.2,0
ORD6012,CUST2012,60,Female,PROD1212,Germany,3/17/2022,02-10-2025,2,active,9.35,5,21,Hoodie,Clothing,4.4,0
ORD6013,CUST2013,55,Male,PROD1213,India,04-03-2021,8/17/2022,2,paused,869.42,1,7,Skirt,Clothing,3.9,0
ORD6014,CUST2014,50,Male,PROD1214,Canada,7/14/2023,04-10-2024,0,active,328.95,2,48,Smartwatch,Electronics,4.0,0
ORD6015,CUST2015,40,Female,PROD1215,Canada,11/14/2021,3/17/2024,3,cancelled,204.01,4,12,Yoga Mat,Sports,4.2,0
ORD6016,CUST2016,27,Female,PROD1216,Pakistan,11-04-2020,9/19/2023,1,paused,246.98,3,16,Lipstick,Beauty,3.7,1
ORD6017,CUST2017,48,Female,PROD1217,India,10/22/2022,10/30/2022,4,paused,324.78,4,39,T-Shirt,Clothing,4.5,0
ORD6018,CUST2018,39,Female,PROD1218,UK,10/20/2022,02-09-2023,2,paused,288.74,4,20,Lipstick,Beauty,4.5,0
ORD6019,CUST2019,67,Female,PROD1219,UK,10/21/2021,11-08-2021,4,cancelled,259.66,6,42,Jacket,Clothing,3.6,1
ORD6020,CUST2020,36,Male,PROD1220,USA,3/20/2022,3/25/2025,5,active,93.98,8,49,Microwave,Home,4.3,0
ORD6021,CUST2021,32,Male,PROD1221,UK,01-03-2023,03-04-2025,2,active,617.67,2,46,Yoga Mat,Sports,4.1,0
ORD6022,CUST2022,32,Male,PROD1222,Germany,7/31/2021,09-07-2023,4,active,208.08,7,39,Football,Sports,3.9,0
ORD6023,CUST2023,27,Female,PROD1223,USA,8/28/2020,12/25/2021,2,cancelled,352.3,4,18,Refrigerator,Home,3.6,1
ORD6024,CUST2024,57,Female,PROD1224,USA,6/21/2022,9/13/2022,1,active,1129.55,1,4,Yoga Mat,Sports,4.0,0
ORD6025,CUST2025,42,Male,PROD1225,Canada,8/16/2021,3/18/2024,3,active,578.42,1,41,Running Shoes,Sports,4.1,0
ORD6026,CUST2026,27,Male,PROD1226,Canada,8/17/2022,3/15/2025,1,active,179.48,4,37,Smartphone,Electronics,3.7,1
ORD6027,CUST2027,19,Female,PROD1227,India,5/17/2023,04-05-2025,4,active,157.13,7,5,Sofa,Home,3.9,0
ORD6028,CUST2028,24,Female,PROD1228,USA,11/21/2022,7/24/2024,0,active,21.02,6,2,Dumbbells,Sports,4.1,0
ORD6029,CUST2029,53,Female,PROD1229,Canada,07-10-2023,3/27/2025,1,cancelled,251.82,2,25,Shampoo,Beauty,3.9,0
ORD6030,CUST2030,54,Male,PROD1230,India,10/21/2022,08-07-2024,4,paused,158.76,6,25,Hoodie,Clothing,3.9,0
ORD6031,CUST2031,37,Female,PROD1231,Germany,12/16/2020,02-02-2021,1,cancelled,384.21,4,14,Gaming Console,Electronics,3.9,0
ORD6032,CUST2032,49,Female,PROD1232,Germany,11/30/2020,7/16/2021,3,active,456.94,1,20,Sofa,Home,3.8,0
ORD6033,CUST2033,68,Female,PROD1233,Canada,2/22/2021,3/13/2024,2,cancelled,60.37,8,7,Blender,Home,3.8,0
ORD6034,CUST2034,56,Female,PROD1234,India,5/16/2022,9/25/2023,3,cancelled,88.97,8,22,Headphones,Electronics,4.1,0
ORD6035,CUST2035,26,Female,PROD1235,Pakistan,11/26/2022,1/19/2023,1,active,110.67,7,36,Tennis Racket,Sports,4.1,0
ORD6036,CUST2036,32,Male,PROD1236,UK,07-03-2021,02-03-2022,2,cancelled,791.7,2,23,Shampoo,Beauty,3.3,1
ORD6037,CUST2037,54,Female,PROD1237,USA,01-05-2022,2/24/2025,2,paused,811.8,2,29,Cycling Helmet,Sports,4.2,0
ORD6038,CUST2038,63,Female,PROD1238,Canada,06-01-2022,04-03-2025,0,cancelled,71.4,9,27,Sneakers,Clothing,4.0,0
ORD6039,CUST2039,19,Male,PROD1239,Pakistan,05-12-2022,11-02-2023,0,paused,164.17,6,41,Smartwatch,Electronics,4.3,0
ORD6040,CUST2040,61,Female,PROD1240,India,3/19/2021,12/31/2023,2,active,439.94,4,46,Skirt,Clothing,4.0,0
ORD6041,CUST2041,22,Male,PROD1241,USA,7/23/2021,10/16/2021,1,cancelled,156.82,2,47,Shirt,Clothing,4.5,0
ORD6042,CUST2042,51,Male,PROD1242,Pakistan,05-07-2021,7/16/2024,2,cancelled,62.14,5,33,Running Shoes,Sports,4.1,0
ORD6043,CUST2043,53,Male,PROD1243,UK,4/21/2022,2/27/2024,1,cancelled,34.67,7,37,Jacket,Clothing,4.0,0
ORD6044,CUST2044,52,Female,PROD1244,USA,3/14/2023,08-03-2024,2,active,1707.78,1,1,Skirt,Clothing,4.2,0
ORD6045,CUST2045,39,Male,PROD1245,India,9/25/2022,11/20/2023,2,active,264.01,6,27,Moisturizer,Beauty,3.8,0
ORD6046,CUST2046,31,Female,PROD1246,India,11-12-2021,3/16/2024,2,active,87.51,5,13,T-Shirt,Clothing,4.2,0
ORD6047,CUST2047,22,Male,PROD1247,USA,9/22/2021,7/25/2024,0,active,243.13,5,35,Conditioner,Beauty,4.2,0
ORD6048,CUST2048,61,Female,PROD1248,Germany,1/17/2022,7/15/2024,1,cancelled,880.36,2,27,Bluetooth Speaker,Electronics,3.6,1
ORD6049,CUST2049,47,Female,PROD1249,Canada,07-02-2021,12/23/2022,4,cancelled,793.56,1,31,Lamp,Home,3.8,0
ORD6050,CUST2050,29,Female,PROD1250,Canada,7/26/2023,11-06-2024,1,paused,100.04,9,11,Lipstick,Beauty,4.1,0
ORD6051,CUST2051,38,Female,PROD1251,USA,12-08-2022,02-07-2025,0,active,207.64,7,14,Moisturizer,Beauty,4.1,0
ORD6052,CUST2052,56,Female,PROD1252,Canada,10-03-2022,5/16/2025,3,cancelled,96.98,8,38,Laptop,Electronics,4.1,0
ORD6053,CUST2053,23,Female,PROD1253,Pakistan,2/24/2022,12/18/2024,3,paused,149.0,4,1,Conditioner,Beauty,4.1,0
ORD6054,CUST2054,50,Female,PROD1254,India,4/24/2023,4/22/2024,1,active,451.57,2,21,Laptop,Electronics,4.2,0
ORD6055,CUST2055,38,Male,PROD1255,Pakistan,7/20/2023,10-08-2023,0,paused,292.96,4,36,Smartphone,Electronics,4.0,0
ORD6056,CUST2056,40,Male,PROD1256,India,7/25/2023,8/20/2024,2,active,1825.62,1,9,Jeans,Clothing,4.3,0
ORD6057,CUST2057,50,Male,PROD1257,UK,2/16/2021,01-07-2025,3,active,152.66,6,28,Skirt,Clothing,4.2,0
ORD6058,CUST2058,61,Male,PROD1258,UK,12/21/2021,2/24/2023,0,cancelled,190.72,2,14,Football,Sports,4.2,0
ORD6059,CUST2059,22,Female,PROD1259,UK,2/15/2022,11-05-2024,5,cancelled,632.95,2,21,Cycling Helmet,Sports,3.7,1
ORD6060,CUST2060,49,Male,PROD1260,Canada,3/16/2021,3/19/2025,3,active,181.65,5,38,Dumbbells,Sports,4.1,0
ORD6061,CUST2061,47,Female,PROD1261,Germany,11-08-2022,01-11-2023,3,active,109.38,9,34,Vacuum Cleaner,Home,4.4,0
ORD6062,CUST2062,67,Male,PROD1262,Germany,7/31/2021,01-12-2024,4,paused,159.55,6,31,Chair,Home,3.8,0
ORD6063,CUST2063,20,Female,PROD1263,Canada,1/24/2023,10/15/2024,5,cancelled,688.6,1,21,Face Wash,Beauty,4.0,0
ORD6064,CUST2064,62,Female,PROD1264,UK,11/26/2022,12/28/2023,3,cancelled,232.71,7,37,Refrigerator,Home,4.2,0
ORD6065,CUST2065,26,Male,PROD1265,UK,12-01-2020,3/20/2024,5,active,266.97,3,31,Smartphone,Electronics,3.8,0
ORD6066,CUST2066,40,Male,PROD1266,UK,06-01-2022,10-01-2022,0,active,21.76,9,20,T-Shirt,Clothing,4.2,0
ORD6067,CUST2067,63,Female,PROD1267,Pakistan,3/25/2022,07-07-2025,5,cancelled,845.1,2,3,Hoodie,Clothing,4.0,0
ORD6068,CUST2068,30,Female,PROD1268,UK,09-03-2021,4/13/2025,2,active,162.4,7,33,Shampoo,Beauty,3.9,0
ORD6069,CUST2069,68,Male,PROD1269,UK,2/23/2022,8/15/2024,3,cancelled,168.82,9,45,Bluetooth Speaker,Electronics,4.3,0
ORD6070,CUST2070,63,Male,PROD1270,Pakistan,02-01-2021,11/24/2021,3,cancelled,51.61,7,24,Foundation,Beauty,3.8,0
ORD6071,CUST2071,36,Male,PROD1271,Germany,09-10-2021,07-09-2024,4,active,257.69,6,5,Jacket,Clothing,4.0,0
ORD6072,CUST2072,53,Female,PROD1272,UK,10-08-2020,05-06-2021,1,cancelled,90.01,3,37,Skirt,Clothing,4.2,0
ORD6073,CUST2073,51,Male,PROD1273,USA,04-07-2021,6/26/2023,4,paused,8.45,8,42,Lamp,Home,4.2,0
ORD6074,CUST2074,59,Female,PROD1274,USA,12-02-2021,3/19/2024,2,active,135.26,8,36,Skirt,Clothing,3.6,1
ORD6075,CUST2075,45,Male,PROD1275,India,06-09-2023,08-12-2023,4,active,435.92,3,38,Dumbbells,Sports,4.3,0
ORD6076,CUST2076,64,Male,PROD1276,India,12/18/2022,4/20/2025,3,active,186.66,7,14,Dumbbells,Sports,4.0,0
ORD6077,CUST2077,22,Male,PROD1277,Germany,8/13/2022,4/21/2024,5,cancelled,60.8,8,19,Cycling Helmet,Sports,4.2,0
ORD6078,CUST2078,41,Female,PROD1278,Pakistan,5/17/2022,11/30/2022,1,active,52.29,9,37,Skirt,Clothing,4.1,0
ORD6079,CUST2079,19,Male,PROD1279,Pakistan,11/24/2020,02-12-2024,1,active,325.42,5,17,Football,Sports,4.0,0
ORD6080,CUST2080,50,Female,PROD1280,Canada,5/27/2021,02-05-2022,2,cancelled,204.08,9,20,Nail Polish,Beauty,4.3,0
ORD6081,CUST2081,55,Male,PROD1281,Canada,7/29/2021,8/18/2024,4,active,236.78,6,5,Vacuum Cleaner,Home,4.0,0
ORD6082,CUST2082,42,Female,PROD1282,Canada,06-02-2022,8/16/2022,5,paused,920.25,1,6,Chair,Home,3.9,0
ORD6083,CUST2083,54,Male,PROD1283,India,2/21/2023,5/13/2025,1,paused,248.76,5,9,Lamp,Home,4.2,0
ORD6084,CUST2084,28,Male,PROD1284,USA,2/22/2023,4/15/2023,0,active,44.12,6,11,Cricket Bat,Sports,4.1,0
ORD6085,CUST2085,19,Female,PROD1285,USA,7/21/2023,2/26/2025,1,paused,1330.98,1,24,Jacket,Clothing,4.4,0
ORD6086,CUST2086,49,Female,PROD1286,USA,11-04-2021,3/16/2022,0,active,65.75,7,25,Sneakers,Clothing,4.0,0
ORD6087,CUST2087,45,Female,PROD1287,Germany,09-06-2021,8/13/2023,0,active,573.06,3,31,Tablet,Electronics,3.8,0
ORD6088,CUST2088,23,Male,PROD1288,Pakistan,10-05-2022,11-07-2024,4,active,384.45,5,23,Lamp,Home,4.0,0
ORD6089,CUST2089,29,Female,PROD1289,Canada,10-01-2020,09-06-2021,0,active,61.45,9,42,Face Wash,Beauty,3.1,1
ORD6090,CUST2090,53,Male,PROD1290,USA,11/26/2021,2/22/2023,2,active,476.48,4,15,Gaming Console,Electronics,4.3,0
ORD6091,CUST2091,22,Female,PROD1291,Germany,8/22/2022,2/18/2025,0,paused,542.87,2,32,Football,Sports,4.2,0
ORD6092,CUST2092,26,Female,PROD1292,Pakistan,9/26/2021,11/26/2023,3,active,491.48,4,26,Foundation,Beauty,4.4,0
ORD6093,CUST2093,43,Female,PROD1293,Germany,07-06-2023,04-02-2024,0,active,309.37,3,31,Sneakers,Clothing,4.1,0
ORD6094,CUST2094,51,Female,PROD1294,Germany,11/22/2020,11/26/2022,3,active,4.8,7,27,Skirt,Clothing,4.2,0
ORD6095,CUST2095,63,Female,PROD1295,India,10-08-2022,7/18/2023,5,active,247.22,4,31,Lipstick,Beauty,4.1,0
ORD6096,CUST2096,64,Male,PROD1296,Germany,1/18/2022,10-02-2024,2,active,121.04,7,33,Shampoo,Beauty,4.1,0
ORD6097,CUST2097,54,Female,PROD1297,Pakistan,03-01-2022,11/21/2023,3,active,146.91,7,24,Perfume,Beauty,4.1,0
ORD6098,CUST2098,50,Female,PROD1298,Canada,04-02-2022,08-09-2023,3,paused,1319.96,1,39,Cycling Helmet,Sports,3.9,0
ORD6099,CUST2099,63,Female,PROD1299,Germany,07-05-2022,04-10-2025,1,paused,84.26,4,15,Running Shoes,Sports,3.9,0
ORD6100,CUST2100,33,Male,PROD1300,USA,07-05-2022,9/30/2022,5,active,313.24,4,45,Gaming Console,Electronics,3.8,0
ORD6101,CUST2101,18,Female,PROD1301,India,4/27/2022,2/20/2024,5,cancelled,261.8,4,49,Laptop,Electronics,4.0,0
ORD6102,CUST2102,69,Female,PROD1302,Canada,7/28/2023,12-12-2023,2,active,366.08,4,29,Tennis Racket,Sports,4.2,0
ORD6103,CUST2103,67,Male,PROD1303,Canada,3/31/2023,6/13/2025,4,active,302.55,5,30,Refrigerator,Home,4.1,0
ORD6104,CUST2104,38,Other,PROD1304,Pakistan,1/28/2021,10-10-2024,5,active,72.5,2,27,Lipstick,Beauty,4.3,0
ORD6105,CUST2105,44,Male,PROD1305,India,6/14/2021,6/21/2024,3,active,1194.42,1,29,Running Shoes,Sports,3.7,1
ORD6106,CUST2106,22,Female,PROD1306,USA,9/13/2020,7/30/2023,2,active,136.82,8,39,Moisturizer,Beauty,4.2,0
ORD6107,CUST2107,53,Male,PROD1307,Pakistan,8/31/2022,12/28/2022,5,active,1491.08,1,41,Headphones,Electronics,4.3,0
ORD6108,CUST2108,69,Other,PROD1308,USA,10/16/2022,3/28/2023,0,cancelled,175.08,9,35,Tennis Racket,Sports,4.3,0
ORD6109,CUST2109,22,Male,PROD1309,UK,11/30/2020,01-12-2024,3,active,446.47,4,14,Skirt,Clothing,4.4,0
ORD6110,CUST2110,54,Female,PROD1310,UK,12/23/2021,12/25/2022,5,active,204.18,4,43,Headphones,Electronics,3.8,0
ORD6111,CUST2111,36,Male,PROD1311,USA,8/16/2022,03-09-2023,5,active,964.5,2,9,Chair,Home,4.5,0
ORD6112,CUST2112,24,Female,PROD1312,UK,1/26/2021,03-04-2024,0,active,134.3,8,44,Shirt,Clothing,3.8,0
ORD6113,CUST2113,64,Female,PROD1313,UK,05-12-2021,7/30/2021,0,active,228.67,5,19,Smartwatch,Electronics,3.8,0
ORD6114,CUST2114,19,Male,PROD1314,USA,11-07-2022,4/16/2023,2,paused,360.22,5,33,Smartphone,Electronics,4.1,0
ORD6115,CUST2115,29,Female,PROD1315,Pakistan,12/27/2020,8/28/2023,3,active,99.05,3,28,Vacuum Cleaner,Home,4.1,0
ORD6116,CUST2116,61,Female,PROD1316,Germany,5/24/2021,09-04-2023,4,paused,212.47,7,15,Smartphone,Electronics,3.8,0
ORD6117,CUST2117,59,Male,PROD1317,USA,04-10-2022,5/24/2022,1,active,14.12,8,19,Vacuum Cleaner,Home,3.3,1
ORD6118,CUST2118,66,Male,PROD1318,India,9/15/2020,9/20/2020,3,cancelled,258.37,4,44,Running Shoes,Sports,4.0,0
ORD6119,CUST2119,23,Female,PROD1319,USA,06-08-2022,05-04-2024,1,active,141.45,9,37,Tennis Racket,Sports,4.6,0
ORD6120,CUST2120,41,Male,PROD1320,Pakistan,5/27/2023,11/23/2023,5,cancelled,52.81,9,43,Moisturizer,Beauty,3.9,0
ORD6121,CUST2121,58,Female,PROD1321,USA,2/28/2023,07-07-2024,0,cancelled,169.81,5,38,Chair,Home,3.7,1
ORD6122,CUST2122,37,Male,PROD1322,UK,9/25/2022,11/27/2023,1,active,111.99,6,8,Laptop,Electronics,4.2,0
ORD6123,CUST2123,40,Other,PROD1323,UK,12/19/2020,3/31/2022,0,paused,564.3,3,7,Lipstick,Beauty,4.1,0
ORD6124,CUST2124,68,Male,PROD1324,USA,12/28/2020,03-08-2024,0,active,244.71,4,23,Face Wash,Beauty,4.1,0
ORD6125,CUST2125,23,Female,PROD1325,Canada,10/21/2020,11-10-2020,1,active,603.87,1,11,Dumbbells,Sports,3.8,0
ORD6126,CUST2126,25,Male,PROD1326,Germany,10-12-2020,9/14/2022,1,active,232.11,2,25,Foundation,Beauty,4.1,0
ORD6127,CUST2127,60,Female,PROD1327,Germany,03-02-2023,08-03-2025,1,paused,50.52,5,7,Microwave,Home,4.6,0
ORD6128,CUST2128,24,Male,PROD1328,UK,5/17/2023,9/25/2024,5,active,407.04,2,33,Cycling Helmet,Sports,4.1,0
ORD6129,CUST2129,66,Male,PROD1329,USA,5/28/2021,3/14/2022,3,active,212.92,9,30,Moisturizer,Beauty,4.2,0
ORD6130,CUST2130,40,Male,PROD1330,Pakistan,10-03-2020,1/25/2024,5,cancelled,119.35,9,9,Conditioner,Beauty,3.9,0
ORD6131,CUST2131,62,Male,PROD1331,Canada,09-03-2021,5/14/2025,4,active,36.75,5,46,Smartphone,Electronics,4.1,0
ORD6132,CUST2132,61,Male,PROD1332,India,8/21/2022,05-01-2023,3,cancelled,113.88,6,45,Basketball,Sports,4.1,0
ORD6133,CUST2133,64,Male,PROD1333,USA,12-09-2022,5/24/2024,4,active,168.95,9,5,Dumbbells,Sports,4.0,0
ORD6134,CUST2134,40,Female,PROD1334,UK,9/13/2021,11/17/2023,4,paused,9.9,6,36,Hoodie,Clothing,3.7,1
ORD6135,CUST2135,40,Female,PROD1335,India,8/15/2023,08-12-2024,0,active,200.24,9,29,Dining Table,Home,4.1,0
ORD6136,CUST2136,21,Female,PROD1336,Germany,10-11-2022,6/18/2024,3,active,45.59,8,45,Lipstick,Beauty,4.1,0
ORD6137,CUST2137,19,Female,PROD1337,USA,09-01-2022,03-05-2023,3,active,42.19,4,46,Sneakers,Clothing,4.1,0
ORD6138,CUST2138,52,Male,PROD1338,Pakistan,6/14/2021,01-10-2023,2,paused,198.73,6,24,Foundation,Beauty,3.3,1
ORD6139,CUST2139,53,Male,PROD1339,Germany,03-06-2023,04-06-2025,4,active,339.6,1,42,T-Shirt,Clothing,4.1,0
ORD6140,CUST2140,61,Female,PROD1340,Pakistan,09-09-2022,11/16/2022,1,active,72.73,8,39,Sneakers,Clothing,4.1,0
ORD6141,CUST2141,32,Female,PROD1341,UK,02-04-2021,09-09-2022,5,cancelled,215.41,4,45,Microwave,Home,4.4,0
ORD6142,CUST2142,53,Female,PROD1342,India,08-03-2022,12/22/2022,5,cancelled,91.74,8,47,Smartwatch,Electronics,4.3,0
ORD6143,CUST2143,24,Other,PROD1343,Canada,08-05-2023,12-11-2023,1,active,57.28,9,49,Bluetooth Speaker,Electronics,4.1,0
ORD6144,CUST2144,47,Female,PROD1344,USA,07-03-2023,5/24/2025,4,active,155.31,5,29,Tablet,Electronics,3.7,1
ORD6145,CUST2145,62,Female,PROD1345,UK,10/18/2020,4/29/2021,3,active,776.04,1,18,Dress,Clothing,4.8,0
ORD6146,CUST2146,49,Female,PROD1346,India,03-12-2021,10-11-2024,0,cancelled,269.9,3,37,Blender,Home,4.5,0
ORD6147,CUST2147,60,Female,PROD1347,Germany,6/19/2022,7/15/2025,5,cancelled,224.54,2,14,Moisturizer,Beauty,4.0,0
ORD6148,CUST2148,48,Female,PROD1348,Pakistan,04-11-2021,02-07-2022,4,cancelled,211.38,5,16,Tennis Racket,Sports,4.1,0
ORD6149,CUST2149,36,Female,PROD1349,UK,10-10-2022,4/22/2025,3,active,64.8,9,16,Lamp,Home,3.9,0
ORD6150,CUST2150,30,Female,PROD1350,UK,03-03-2023,3/21/2024,5,active,189.04,7,46,Hoodie,Clothing,4.1,0
ORD6151,CUST2151,57,Male,PROD1351,Germany,12/24/2021,12/16/2024,4,active,309.54,5,17,Smartwatch,Electronics,4.2,0
ORD6152,CUST2152,21,Male,PROD1352,Pakistan,12/20/2020,7/24/2025,3,active,221.26,9,2,Running Shoes,Sports,4.1,0
ORD6153,CUST2153,20,Male,PROD1353,USA,1/31/2023,02-08-2025,0,paused,235.28,8,27,Conditioner,Beauty,3.5,1
ORD6154,CUST2154,48,Female,PROD1354,Pakistan,5/31/2023,03-12-2025,4,active,1010.74,1,39,Sneakers,Clothing,4.3,0
ORD6155,CUST2155,61,Other,PROD1355,Germany,5/18/2023,6/23/2023,2,active,38.46,1,32,Yoga Mat,Sports,3.9,0
ORD6156,CUST2156,53,Male,PROD1356,UK,11/14/2022,10/26/2024,5,paused,38.54,6,6,Dress,Clothing,4.2,0
ORD6157,CUST2157,49,Female,PROD1357,USA,1/24/2021,10/25/2023,0,paused,373.1,4,45,Laptop,Electronics,3.8,0
ORD6158,CUST2158,39,Male,PROD1358,USA,08-12-2023,6/29/2025,3,active,150.26,7,18,Tablet,Electronics,4.5,0
ORD6159,CUST2159,37,Male,PROD1359,Pakistan,08-08-2023,7/26/2025,3,active,183.51,8,25,Nail Polish,Beauty,3.8,0
ORD6160,CUST2160,42,Female,PROD1360,UK,3/17/2021,11/24/2023,3,active,348.89,3,49,Jeans,Clothing,4.1,0
ORD6161,CUST2161,27,Female,PROD1361,UK,2/27/2022,06-03-2022,4,paused,113.81,9,5,Football,Sports,4.2,0
ORD6162,CUST2162,25,Male,PROD1362,Germany,2/19/2021,4/15/2021,1,active,25.64,6,32,Sneakers,Clothing,4.1,0
ORD6163,CUST2163,20,Male,PROD1363,USA,05-09-2021,8/14/2024,3,active,66.08,4,29,Perfume,Beauty,4.2,0
ORD6164,CUST2164,20,Male,PROD1364,Germany,05-10-2021,10/26/2023,2,paused,177.6,6,7,Blender,Home,4.5,0
ORD6165,CUST2165,55,Male,PROD1365,UK,09-02-2020,4/21/2022,5,active,408.87,4,31,Moisturizer,Beauty,4.0,0
ORD6166,CUST2166,20,Male,PROD1366,Canada,02-06-2021,3/25/2023,4,paused,86.47,8,13,Cricket Bat,Sports,4.4,0
ORD6167,CUST2167,60,Female,PROD1367,UK,12-09-2022,8/18/2025,0,active,615.92,2,27,Yoga Mat,Sports,4.0,0
ORD6168,CUST2168,46,Female,PROD1368,UK,09-02-2020,01-12-2022,3,active,662.46,2,8,Conditioner,Beauty,4.0,0
ORD6169,CUST2169,63,Female,PROD1369,Canada,11/19/2020,05-12-2023,3,active,490.33,3,15,Blender,Home,3.9,0
ORD6170,CUST2170,67,Female,PROD1370,UK,12/26/2022,05-08-2024,3,paused,379.99,5,4,Blender,Home,4.0,0
ORD6171,CUST2171,60,Male,PROD1371,USA,1/23/2023,02-11-2025,3,cancelled,260.34,6,45,Football,Sports,3.8,0
ORD6172,CUST2172,64,Male,PROD1372,UK,10-03-2020,9/18/2022,2,active,223.82,5,35,Sofa,Home,4.2,0
ORD6173,CUST2173,69,Female,PROD1373,Pakistan,09-01-2020,2/25/2021,5,active,268.72,7,21,Chair,Home,4.3,0
ORD6174,CUST2174,26,Male,PROD1374,Pakistan,10/20/2022,11/28/2023,5,active,142.76,8,31,Running Shoes,Sports,4.2,0
ORD6175,CUST2175,19,Male,PROD1375,USA,9/14/2021,08-01-2022,0,active,118.26,9,35,Shampoo,Beauty,4.3,0
ORD6176,CUST2176,54,Male,PROD1376,India,09-11-2022,01-02-2023,1,cancelled,166.92,8,40,Jeans,Clothing,4.2,0
ORD6177,CUST2177,61,Male,PROD1377,USA,10/28/2022,03-12-2025,5,active,1356.12,1,49,Jacket,Clothing,4.4,0
ORD6178,CUST2178,67,Male,PROD1378,India,5/18/2022,8/19/2025,1,cancelled,328.73,6,46,Skirt,Clothing,3.8,0
ORD6179,CUST2179,46,Male,PROD1379,Canada,9/19/2022,7/21/2023,1,active,38.73,9,16,Foundation,Beauty,4.1,0
ORD6180,CUST2180,68,Male,PROD1380,Germany,11/15/2020,8/17/2021,3,paused,201.67,8,17,T-Shirt,Clothing,3.9,0
ORD6181,CUST2181,30,Male,PROD1381,Pakistan,9/29/2021,11/27/2023,3,cancelled,8.3,4,6,Football,Sports,4.3,0
ORD6182,CUST2182,28,Female,PROD1382,Germany,2/23/2022,3/17/2024,3,active,130.65,9,33,Football,Sports,4.4,0
ORD6183,CUST2183,59,Male,PROD1383,UK,7/14/2022,10/22/2023,2,active,299.8,3,18,Tennis Racket,Sports,3.6,1
ORD6184,CUST2184,45,Male,PROD1384,Pakistan,5/30/2022,11-04-2022,0,cancelled,321.99,2,26,Smartwatch,Electronics,3.8,0
ORD6185,CUST2185,60,Female,PROD1385,Canada,8/29/2022,02-01-2023,3,paused,409.8,2,4,Dumbbells,Sports,4.0,0
ORD6186,CUST2186,67,Male,PROD1386,Pakistan,10-04-2022,07-07-2023,2,paused,119.69,9,30,Dress,Clothing,4.1,0
ORD6187,CUST2187,35,Male,PROD1387,Pakistan,07-05-2022,11/29/2023,2,cancelled,632.36,2,39,Perfume,Beauty,4.3,0
ORD6188,CUST2188,62,Male,PROD1388,Germany,6/21/2021,9/18/2023,0,cancelled,332.94,2,15,Moisturizer,Beauty,4.0,0
ORD6189,CUST2189,22,Male,PROD1389,Canada,5/30/2022,11-03-2024,3,active,378.98,5,9,Microwave,Home,3.9,0
ORD6190,CUST2190,31,Male,PROD1390,Pakistan,05-04-2022,02-06-2023,3,active,601.94,3,44,Dining Table,Home,4.4,0
ORD6191,CUST2191,33,Male,PROD1391,Canada,11-09-2022,1/25/2024,1,active,76.39,8,49,Tablet,Electronics,3.7,1
ORD6192,CUST2192,32,Female,PROD1392,India,6/26/2021,07-10-2021,2,cancelled,247.03,6,27,Lamp,Home,3.6,1
ORD6193,CUST2193,50,Female,PROD1393,UK,10-10-2021,01-08-2024,5,cancelled,215.7,4,13,Sneakers,Clothing,3.7,1
ORD6194,CUST2194,35,Female,PROD1394,UK,2/18/2022,08-10-2025,3,active,474.15,4,40,Laptop,Electronics,4.0,0
ORD6195,CUST2195,57,Male,PROD1395,UK,2/15/2021,07-02-2023,2,active,6.64,5,4,Yoga Mat,Sports,4.2,0
ORD6196,CUST2196,58,Male,PROD1396,UK,9/18/2021,4/19/2024,1,paused,757.47,2,21,Face Wash,Beauty,3.8,0
ORD6197,CUST2197,31,Other,PROD1397,USA,12/31/2022,07-06-2023,2,active,384.35,5,41,Cycling Helmet,Sports,4.2,0
ORD6198,CUST2198,35,Male,PROD1398,UK,02-09-2021,4/19/2023,5,active,252.19,4,7,Blender,Home,3.9,0
ORD6199,CUST2199,30,Male,PROD1399,USA,08-03-2023,10/31/2023,4,active,561.99,3,39,Cricket Bat,Sports,4.0,0
ORD6200,CUST2200,69,Male,PROD1400,UK,1/19/2022,11-04-2023,5,active,156.84,3,20,Cricket Bat,Sports,4.1,0
ORD6201,CUST2201,55,Female,PROD1401,UK,03-11-2023,09-12-2023,2,active,948.96,1,25,Conditioner,Beauty,4.8,0
ORD6202,CUST2202,56,Female,PROD1402,UK,01-12-2021,12/16/2021,4,active,217.24,9,36,Football,Sports,4.2,0
ORD6203,CUST2203,43,Male,PROD1403,Canada,4/24/2021,10-08-2023,2,active,197.39,6,6,Conditioner,Beauty,4.1,0
ORD6204,CUST2204,54,Female,PROD1404,USA,11-07-2021,03-01-2024,1,active,99.21,7,47,Moisturizer,Beauty,4.0,0
ORD6205,CUST2205,30,Male,PROD1405,USA,07-06-2022,03-02-2024,4,active,176.86,9,12,Dumbbells,Sports,3.9,0
ORD6206,CUST2206,42,Female,PROD1406,UK,1/21/2021,12-01-2024,4,paused,259.64,5,20,Microwave,Home,4.1,0
ORD6207,CUST2207,38,Male,PROD1407,India,05-10-2023,12/27/2023,4,active,581.93,3,23,Hoodie,Clothing,4.3,0
ORD6208,CUST2208,48,Female,PROD1408,Pakistan,12/22/2021,11/28/2022,0,active,297.19,1,27,Dining Table,Home,4.1,0
ORD6209,CUST2209,67,Male,PROD1409,Canada,5/21/2022,05-09-2025,1,cancelled,349.74,2,5,Microwave,Home,4.2,0
ORD6210,CUST2210,29,Male,PROD1410,India,10/31/2020,3/22/2025,3,cancelled,603.4,1,19,Jacket,Clothing,3.9,0
ORD6211,CUST2211,18,Male,PROD1411,Germany,6/19/2021,10/22/2022,3,active,88.5,4,28,Football,Sports,3.7,1
ORD6212,CUST2212,28,Female,PROD1412,UK,09-12-2022,05-11-2024,0,active,144.34,8,36,Laptop,Electronics,4.1,0
ORD6213,CUST2213,57,Male,PROD1413,India,03-04-2022,1/20/2024,4,active,927.7,2,23,Bluetooth Speaker,Electronics,4.0,0
ORD6214,CUST2214,40,Male,PROD1414,UK,04-09-2022,5/20/2023,4,paused,3.64,8,44,Laptop,Electronics,3.8,0
ORD6215,CUST2215,62,Male,PROD1415,USA,05-01-2021,12-05-2023,0,cancelled,98.84,4,20,Camera,Electronics,4.2,0
ORD6216,CUST2216,29,Male,PROD1416,USA,01-12-2021,02-07-2023,0,active,121.81,9,42,Sneakers,Clothing,4.6,0
ORD6217,CUST2217,50,Male,PROD1417,UK,02-08-2021,11/15/2024,0,active,204.64,3,5,Nail Polish,Beauty,4.1,0
ORD6218,CUST2218,41,Female,PROD1418,USA,06-01-2023,11/20/2024,0,active,168.35,9,29,Perfume,Beauty,3.3,1
ORD6219,CUST2219,64,Female,PROD1419,USA,07-11-2021,05-04-2022,4,paused,240.51,5,44,Perfume,Beauty,4.2,0
ORD6220,CUST2220,39,Female,PROD1420,Germany,04-02-2021,01-02-2025,1,active,13.55,6,6,Jeans,Clothing,4.3,0
ORD6221,CUST2221,53,Male,PROD1421,Pakistan,11-07-2022,4/28/2023,1,active,352.52,3,15,Smartwatch,Electronics,4.3,0
ORD6222,CUST2222,45,Male,PROD1422,Canada,04-10-2021,8/29/2022,1,cancelled,640.56,3,38,Headphones,Electronics,4.3,0
ORD6223,CUST2223,60,Other,PROD1423,Pakistan,12-04-2021,3/23/2024,0,active,212.95,3,22,Jeans,Clothing,4.7,0
ORD6224,CUST2224,29,Female,PROD1424,Germany,9/20/2020,10-07-2023,3,active,161.64,7,12,T-Shirt,Clothing,4.4,0
ORD6225,CUST2225,36,Female,PROD1425,Pakistan,07-08-2023,11/26/2024,0,active,144.78,9,13,Dress,Clothing,3.9,0
ORD6226,CUST2226,25,Female,PROD1426,Germany,3/24/2023,01-12-2024,5,active,222.44,8,31,Tennis Racket,Sports,4.7,0
ORD6227,CUST2227,52,Male,PROD1427,India,5/18/2022,12/30/2022,3,active,29.69,7,48,Gaming Console,Electronics,4.1,0
ORD6228,CUST2228,60,Other,PROD1428,Germany,04-07-2023,3/14/2025,0,active,101.16,8,35,Microwave,Home,3.8,0
ORD6229,CUST2229,53,Female,PROD1429,UK,08-10-2022,2/23/2024,5,active,167.51,6,32,Bluetooth Speaker,Electronics,4.4,0
ORD6230,CUST2230,46,Female,PROD1430,India,5/20/2021,11/25/2023,5,cancelled,108.05,3,48,Perfume,Beauty,4.3,0
ORD6231,CUST2231,40,Female,PROD1431,Pakistan,02-06-2021,7/23/2025,0,paused,332.43,6,38,Face Wash,Beauty,3.4,1
ORD6232,CUST2232,50,Female,PROD1432,India,12-12-2020,12/22/2020,0,active,680.64,2,5,Yoga Mat,Sports,4.2,0
ORD6233,CUST2233,67,Female,PROD1433,Canada,10/19/2020,11/28/2023,3,active,255.08,7,36,Cricket Bat,Sports,3.7,1
ORD6234,CUST2234,34,Female,PROD1434,Germany,8/20/2020,7/20/2021,5,active,114.89,7,27,Microwave,Home,4.3,0
ORD6235,CUST2235,44,Female,PROD1435,Germany,09-09-2022,3/25/2024,1,active,192.6,6,17,Sneakers,Clothing,4.3,0
ORD6236,CUST2236,63,Female,PROD1436,India,7/19/2021,05-05-2024,1,cancelled,138.94,3,27,Smartwatch,Electronics,4.4,0
ORD6237,CUST2237,49,Female,PROD1437,Germany,03-09-2021,1/31/2025,4,active,1427.64,1,7,Football,Sports,4.1,0
ORD6238,CUST2238,51,Female,PROD1438,Pakistan,12/22/2022,5/19/2024,4,paused,24.99,7,18,T-Shirt,Clothing,4.0,0
ORD6239,CUST2239,29,Male,PROD1439,India,7/18/2023,11/25/2023,5,active,61.64,3,28,Headphones,Electronics,4.4,0
ORD6240,CUST2240,44,Male,PROD1440,Germany,08-02-2022,06-06-2024,1,active,537.06,2,39,Football,Sports,3.8,0
ORD6241,CUST2241,55,Female,PROD1441,Germany,03-03-2021,10-01-2022,0,active,212.08,4,16,Face Wash,Beauty,4.3,0
ORD6242,CUST2242,41,Female,PROD1442,Pakistan,2/18/2023,03-07-2025,4,active,243.58,4,14,Jeans,Clothing,3.8,0
ORD6243,CUST2243,26,Female,PROD1443,UK,10-11-2022,05-01-2024,3,active,992.4,2,10,Bluetooth Speaker,Electronics,2.3,1
ORD6244,CUST2244,18,Male,PROD1444,Germany,6/16/2021,10-01-2024,5,active,610.13,1,20,Sneakers,Clothing,4.5,0
ORD6245,CUST2245,55,Female,PROD1445,Canada,11/13/2020,9/16/2023,3,active,61.51,9,7,Nail Polish,Beauty,4.0,0
ORD6246,CUST2246,36,Female,PROD1446,Germany,9/29/2022,8/14/2024,3,cancelled,699.76,2,28,Dining Table,Home,3.7,1
ORD6247,CUST2247,60,Male,PROD1447,India,1/18/2021,05-07-2025,0,active,1111.66,1,8,Camera,Electronics,4.0,0
ORD6248,CUST2248,46,Male,PROD1448,India,4/13/2023,3/16/2025,3,active,43.79,9,5,Running Shoes,Sports,4.4,0
ORD6249,CUST2249,49,Male,PROD1449,Germany,02-08-2022,08-02-2023,4,cancelled,27.02,6,35,Smartwatch,Electronics,4.1,0
ORD6250,CUST2250,48,Male,PROD1450,UK,11-12-2021,07-05-2023,1,active,124.78,4,10,Cricket Bat,Sports,4.4,0
ORD6251,CUST2251,58,Female,PROD1451,USA,09-06-2020,7/19/2021,4,cancelled,169.03,6,44,Cricket Bat,Sports,3.1,1
ORD6252,CUST2252,26,Male,PROD1452,Canada,07-05-2021,2/22/2024,1,active,133.46,2,39,T-Shirt,Clothing,4.3,0
ORD6253,CUST2253,42,Female,PROD1453,Pakistan,08-10-2021,07-09-2023,2,active,4.87,8,19,Football,Sports,4.4,0
ORD6254,CUST2254,54,Female,PROD1454,Canada,10/14/2021,10/16/2021,4,paused,526.33,1,33,Conditioner,Beauty,4.4,0
ORD6255,CUST2255,51,Female,PROD1455,India,05-10-2021,09-11-2022,2,cancelled,654.83,3,19,Dumbbells,Sports,4.1,0
ORD6256,CUST2256,28,Female,PROD1456,Germany,9/23/2021,12-03-2022,0,active,328.15,3,39,Perfume,Beauty,4.1,0
ORD6257,CUST2257,56,Male,PROD1457,Canada,09-12-2020,12/17/2023,2,cancelled,106.11,4,6,Sneakers,Clothing,4.0,0
ORD6258,CUST2258,46,Male,PROD1458,Canada,9/20/2021,9/24/2024,3,active,102.14,3,17,Dining Table,Home,3.6,1
ORD6259,CUST2259,39,Male,PROD1459,Germany,10/20/2020,3/27/2021,0,active,194.13,7,39,Basketball,Sports,3.9,0
ORD6260,CUST2260,50,Male,PROD1460,Germany,2/28/2022,09-11-2023,5,active,193.65,6,4,Dumbbells,Sports,3.9,0
ORD6261,CUST2261,50,Female,PROD1461,UK,02-11-2023,2/26/2025,2,active,35.03,6,47,Perfume,Beauty,3.8,0
ORD6262,CUST2262,58,Male,PROD1462,USA,12/15/2022,10-01-2023,0,paused,30.41,3,29,Refrigerator,Home,4.1,0
ORD6263,CUST2263,19,Female,PROD1463,UK,03-11-2023,04-06-2025,3,paused,375.98,3,38,Cricket Bat,Sports,4.1,0
ORD6264,CUST2264,25,Male,PROD1464,Pakistan,7/23/2023,5/30/2024,1,active,289.06,2,38,Cricket Bat,Sports,4.1,0
ORD6265,CUST2265,48,Female,PROD1465,Canada,11-05-2021,08-10-2022,3,active,124.07,3,27,Conditioner,Beauty,3.8,0
ORD6266,CUST2266,28,Female,PROD1466,Canada,09-04-2020,03-06-2023,5,active,563.9,2,49,Bluetooth Speaker,Electronics,4.3,0
ORD6267,CUST2267,65,Male,PROD1467,UK,6/27/2021,4/17/2024,1,cancelled,198.64,6,11,Sofa,Home,4.5,0
ORD6268,CUST2268,68,Female,PROD1468,USA,8/21/2021,09-11-2021,3,cancelled,248.56,8,4,Conditioner,Beauty,4.2,0
ORD6269,CUST2269,43,Female,PROD1469,Pakistan,2/16/2021,1/17/2024,4,active,218.97,7,23,Perfume,Beauty,3.9,0
ORD6270,CUST2270,24,Male,PROD1470,UK,6/21/2022,10-08-2023,0,active,915.31,1,42,Running Shoes,Sports,3.5,1
ORD6271,CUST2271,55,Male,PROD1471,Canada,04-10-2022,10/17/2022,3,active,323.13,3,43,Skirt,Clothing,4.3,0
ORD6272,CUST2272,47,Male,PROD1472,USA,02-04-2023,4/16/2025,2,paused,50.14,8,17,Vacuum Cleaner,Home,3.9,0
ORD6273,CUST2273,25,Female,PROD1473,Pakistan,3/31/2021,7/29/2021,5,active,1991.63,1,31,Dress,Clothing,3.9,0
ORD6274,CUST2274,60,Female,PROD1474,Canada,3/30/2021,11-10-2024,0,active,382.55,3,1,Dumbbells,Sports,4.0,0
ORD6275,CUST2275,58,Male,PROD1475,India,8/17/2022,08-03-2025,4,active,29.84,5,12,Chair,Home,4.7,0
ORD6276,CUST2276,18,Female,PROD1476,India,9/13/2022,12-06-2022,5,paused,140.01,6,19,Bluetooth Speaker,Electronics,4.1,0
ORD6277,CUST2277,53,Male,PROD1477,USA,03-01-2021,2/26/2024,2,active,32.62,5,18,Camera,Electronics,3.8,0
ORD6278,CUST2278,34,Female,PROD1478,UK,2/26/2023,1/26/2024,0,cancelled,529.1,3,32,Foundation,Beauty,4.1,0
ORD6279,CUST2279,53,Female,PROD1479,Canada,3/13/2023,08-05-2025,1,active,10.29,6,4,Cycling Helmet,Sports,4.0,0
ORD6280,CUST2280,41,Male,PROD1480,Germany,02-09-2023,10-09-2024,1,active,142.15,8,21,Hoodie,Clothing,4.1,0
ORD6281,CUST2281,27,Male,PROD1481,Germany,01-05-2023,8/19/2025,2,active,145.91,9,4,Smartwatch,Electronics,3.9,0
ORD6282,CUST2282,27,Female,PROD1482,UK,7/24/2021,08-08-2024,0,active,105.25,5,36,Hoodie,Clothing,3.8,0
ORD6283,CUST2283,52,Male,PROD1483,Germany,1/13/2022,8/13/2023,1,active,97.62,6,33,Blender,Home,4.1,0
ORD6284,CUST2284,46,Male,PROD1484,India,9/30/2021,11/20/2024,2,active,214.28,9,28,Gaming Console,Electronics,4.3,0
ORD6285,CUST2285,26,Male,PROD1485,UK,5/23/2022,05-09-2025,4,active,203.87,5,35,Headphones,Electronics,3.9,0
ORD6286,CUST2286,56,Female,PROD1486,UK,06-10-2021,10/24/2022,2,active,104.25,7,34,Sneakers,Clothing,2.8,1
ORD6287,CUST2287,32,Female,PROD1487,Canada,05-01-2021,05-11-2024,0,active,42.2,8,36,Face Wash,Beauty,4.0,0
ORD6288,CUST2288,69,Female,PROD1488,India,07-07-2022,5/28/2023,2,cancelled,417.98,4,35,Perfume,Beauty,4.5,0
ORD6289,CUST2289,64,Female,PROD1489,Pakistan,03-04-2023,9/26/2024,5,cancelled,115.36,6,5,Camera,Electronics,4.6,0
ORD6290,CUST2290,24,Female,PROD1490,Pakistan,6/18/2022,5/29/2024,3,paused,51.56,6,27,Dining Table,Home,4.1,0
ORD6291,CUST2291,18,Male,PROD1491,Germany,08-10-2022,07-05-2023,5,cancelled,201.74,4,19,T-Shirt,Clothing,4.1,0
ORD6292,CUST2292,19,Female,PROD1492,Canada,11/17/2021,2/17/2023,1,active,5.47,5,39,Shirt,Clothing,3.4,1
ORD6293,CUST2293,59,Female,PROD1493,USA,11/22/2020,12-06-2022,2,cancelled,90.05,9,26,Microwave,Home,4.6,0
ORD6294,CUST2294,19,Female,PROD1494,UK,3/29/2023,01-06-2025,2,active,96.8,6,32,Jeans,Clothing,4.2,0
ORD6295,CUST2295,31,Male,PROD1495,Pakistan,5/25/2021,5/20/2024,4,active,242.91,6,40,Sneakers,Clothing,3.9,0
ORD6296,CUST2296,66,Male,PROD1496,India,04-02-2022,5/26/2024,3,active,346.43,4,10,Smartwatch,Electronics,4.2,0
ORD6297,CUST2297,63,Female,PROD1497,Germany,12-05-2022,03-05-2025,1,active,272.76,5,30,Dress,Clothing,4.2,0
ORD6298,CUST2298,56,Female,PROD1498,Canada,10-09-2021,3/17/2024,0,paused,125.7,2,16,Yoga Mat,Sports,4.1,0
ORD6299,CUST2299,33,Female,PROD1499,USA,2/15/2022,1/14/2023,2,active,71.6,8,13,Foundation,Beauty,4.8,0
ORD6300,CUST2300,22,Female,PROD1500,Pakistan,11-05-2022,06-04-2023,1,cancelled,182.98,4,36,Running Shoes,Sports,4.4,0
ORD6301,CUST2301,44,Male,PROD1501,USA,10/17/2022,12/17/2023,2,cancelled,45.81,1,18,Face Wash,Beauty,4.3,0
ORD6302,CUST2302,49,Male,PROD1502,India,10-08-2020,11/19/2022,3,active,221.45,6,29,Bluetooth Speaker,Electronics,4.3,0
ORD6303,CUST2303,24,Female,PROD1503,Canada,3/24/2022,1/13/2024,1,cancelled,185.94,8,4,Lipstick,Beauty,4.0,0
ORD6304,CUST2304,57,Female,PROD1504,USA,09-03-2020,2/22/2022,4,active,842.3,2,11,Jacket,Clothing,4.3,0
ORD6305,CUST2305,19,Male,PROD1505,Canada,04-03-2021,05-08-2022,5,active,1871.19,1,13,Skirt,Clothing,4.0,0
ORD6306,CUST2306,37,Male,PROD1506,USA,07-11-2023,12/18/2024,5,active,618.69,2,2,Camera,Electronics,4.4,0
ORD6307,CUST2307,58,Female,PROD1507,Canada,01-07-2021,11/28/2021,4,cancelled,165.97,7,22,Cricket Bat,Sports,4.1,0
ORD6308,CUST2308,27,Female,PROD1508,USA,7/25/2022,11/20/2023,1,cancelled,241.95,7,20,Smartphone,Electronics,3.6,1
ORD6309,CUST2309,67,Male,PROD1509,UK,7/31/2022,07-09-2024,3,active,207.24,8,6,Basketball,Sports,2.0,1
ORD6310,CUST2310,27,Male,PROD1510,Canada,4/16/2023,03-07-2024,3,active,428.21,3,47,Gaming Console,Electronics,4.0,0
ORD6311,CUST2311,27,Male,PROD1511,USA,11/22/2021,08-10-2024,5,paused,224.13,7,34,Refrigerator,Home,3.7,1
ORD6312,CUST2312,61,Female,PROD1512,Pakistan,07-12-2023,4/16/2025,5,active,77.19,8,19,Moisturizer,Beauty,3.8,0
ORD6313,CUST2313,19,Female,PROD1513,USA,10-09-2021,09-05-2024,3,cancelled,64.16,2,25,Tennis Racket,Sports,3.9,0
ORD6314,CUST2314,25,Male,PROD1514,Pakistan,6/27/2022,07-12-2025,4,cancelled,618.94,3,18,Dining Table,Home,3.1,1
ORD6315,CUST2315,29,Male,PROD1515,USA,09-03-2022,8/18/2025,1,cancelled,86.78,5,6,Dumbbells,Sports,3.0,1
ORD6316,CUST2316,52,Male,PROD1516,India,10-07-2021,7/18/2022,3,active,266.0,6,8,Sofa,Home,4.0,0
ORD6317,CUST2317,64,Female,PROD1517,Germany,04-04-2021,03-02-2022,0,paused,195.92,6,29,Laptop,Electronics,4.4,0
ORD6318,CUST2318,50,Female,PROD1518,USA,03-08-2021,6/21/2023,2,cancelled,136.75,9,25,Shirt,Clothing,4.1,0
ORD6319,CUST2319,26,Other,PROD1519,UK,11-01-2021,8/28/2022,4,active,7.43,3,23,Smartwatch,Electronics,3.6,1
ORD6320,CUST2320,53,Male,PROD1520,Germany,4/30/2023,3/15/2025,0,active,691.59,2,43,Microwave,Home,4.4,0
ORD6321,CUST2321,20,Male,PROD1521,Pakistan,8/29/2021,3/29/2022,0,active,500.26,2,12,Sofa,Home,4.2,0
ORD6322,CUST2322,23,Male,PROD1522,Canada,07-09-2022,05-05-2023,4,cancelled,221.95,8,7,Sofa,Home,4.3,0
ORD6323,CUST2323,31,Male,PROD1523,India,05-07-2023,8/15/2024,2,active,381.19,3,20,Running Shoes,Sports,3.8,0
ORD6324,CUST2324,26,Male,PROD1524,Germany,5/23/2021,8/20/2023,5,active,255.16,1,15,Smartwatch,Electronics,4.1,0
ORD6325,CUST2325,21,Male,PROD1525,UK,09-08-2021,12/20/2021,5,cancelled,197.79,7,48,Lipstick,Beauty,4.0,0
ORD6326,CUST2326,49,Female,PROD1526,Germany,3/13/2021,04-10-2024,0,paused,147.52,7,10,Face Wash,Beauty,4.2,0
ORD6327,CUST2327,58,Female,PROD1527,Pakistan,08-11-2021,5/16/2023,3,active,65.92,4,29,Perfume,Beauty,3.6,1
ORD6328,CUST2328,18,Female,PROD1528,USA,09-06-2022,06-04-2025,5,active,949.4,2,13,Refrigerator,Home,4.2,0
ORD6329,CUST2329,30,Female,PROD1529,USA,10-12-2022,05-02-2023,4,active,1629.13,1,35,Camera,Electronics,4.1,0
ORD6330,CUST2330,23,Male,PROD1530,Pakistan,12-06-2020,02-10-2025,4,active,110.64,5,44,Shirt,Clothing,4.2,0
ORD6331,CUST2331,52,Male,PROD1531,Canada,2/22/2023,5/25/2025,2,paused,119.46,7,30,Running Shoes,Sports,3.9,0
ORD6332,CUST2332,49,Female,PROD1532,Pakistan,12/13/2020,1/23/2022,4,cancelled,258.65,2,36,Vacuum Cleaner,Home,4.0,0
ORD6333,CUST2333,55,Male,PROD1533,UK,09-10-2020,12-12-2022,1,active,690.54,2,34,Jeans,Clothing,4.2,0
ORD6334,CUST2334,36,Other,PROD1534,India,2/24/2022,09-09-2024,3,active,68.17,8,43,Sneakers,Clothing,4.2,0
ORD6335,CUST2335,65,Male,PROD1535,USA,08-09-2022,06-05-2023,4,active,172.68,2,2,Yoga Mat,Sports,4.1,0
ORD6336,CUST2336,54,Female,PROD1536,Pakistan,9/15/2020,03-09-2024,3,cancelled,330.61,6,6,Sofa,Home,4.4,0
ORD6337,CUST2337,57,Female,PROD1537,Pakistan,04-01-2021,7/16/2025,2,cancelled,71.44,9,21,Sofa,Home,4.1,0
ORD6338,CUST2338,19,Male,PROD1538,UK,7/31/2021,05-02-2023,2,paused,253.84,7,14,Hoodie,Clothing,4.2,0
ORD6339,CUST2339,56,Male,PROD1539,India,9/16/2021,5/22/2025,5,active,309.98,6,46,Tennis Racket,Sports,4.1,0
ORD6340,CUST2340,39,Female,PROD1540,Canada,6/19/2021,02-07-2022,3,cancelled,879.8,2,6,Refrigerator,Home,3.9,0
ORD6341,CUST2341,49,Female,PROD1541,Pakistan,03-11-2023,04-11-2023,2,paused,50.77,8,38,Running Shoes,Sports,3.9,0
ORD6342,CUST2342,49,Female,PROD1542,India,11-01-2022,11/26/2022,0,active,542.24,3,22,Sofa,Home,4.2,0
ORD6343,CUST2343,24,Female,PROD1543,India,5/27/2021,2/17/2025,4,active,54.93,6,17,Conditioner,Beauty,4.2,0
ORD6344,CUST2344,56,Male,PROD1544,India,12/24/2022,03-01-2023,1,cancelled,184.96,5,22,Jeans,Clothing,3.7,1
ORD6345,CUST2345,20,Other,PROD1545,Pakistan,3/22/2021,07-12-2023,1,cancelled,144.7,9,6,Shirt,Clothing,3.7,1
ORD6346,CUST2346,21,Female,PROD1546,India,6/28/2021,7/20/2022,2,active,622.99,3,13,Lipstick,Beauty,3.4,1
ORD6347,CUST2347,45,Male,PROD1547,Canada,04-12-2023,6/30/2024,1,paused,175.45,7,43,Shampoo,Beauty,4.2,0
ORD6348,CUST2348,47,Female,PROD1548,India,5/20/2021,1/22/2025,0,cancelled,212.73,9,49,Running Shoes,Sports,4.0,0
ORD6349,CUST2349,53,Male,PROD1549,Germany,8/20/2021,8/22/2021,3,cancelled,119.35,9,11,Yoga Mat,Sports,4.1,0
ORD6350,CUST2350,52,Female,PROD1550,Pakistan,11-11-2022,03-08-2024,5,active,151.31,6,1,Shirt,Clothing,3.9,0
ORD6351,CUST2351,45,Male,PROD1551,Germany,10/17/2020,05-08-2024,4,paused,445.52,3,16,Foundation,Beauty,4.0,0
ORD6352,CUST2352,62,Male,PROD1552,Canada,12/15/2021,05-06-2025,0,active,1700.0,1,20,Smartphone,Electronics,3.9,0
ORD6353,CUST2353,45,Female,PROD1553,India,12/15/2020,04-11-2023,4,cancelled,22.68,7,7,Hoodie,Clothing,4.2,0
ORD6354,CUST2354,20,Female,PROD1554,Pakistan,04-09-2023,3/25/2025,1,paused,20.48,4,10,Tennis Racket,Sports,4.3,0
ORD6355,CUST2355,33,Female,PROD1555,USA,10/26/2022,02-02-2025,0,active,169.2,8,24,Hoodie,Clothing,4.0,0
ORD6356,CUST2356,58,Female,PROD1556,India,07-04-2023,06-09-2025,0,active,167.54,2,12,Moisturizer,Beauty,2.6,1
ORD6357,CUST2357,49,Female,PROD1557,UK,11/13/2021,9/16/2023,3,cancelled,111.39,9,29,Camera,Electronics,3.8,0
ORD6358,CUST2358,58,Female,PROD1558,Germany,10-06-2021,8/16/2025,4,cancelled,188.9,9,47,Moisturizer,Beauty,4.5,0
ORD6359,CUST2359,57,Female,PROD1559,USA,8/15/2023,10/25/2024,0,active,324.54,3,26,Smartwatch,Electronics,3.5,1
ORD6360,CUST2360,65,Female,PROD1560,UK,1/31/2021,02-09-2025,3,active,62.99,9,3,Cycling Helmet,Sports,3.9,0
ORD6361,CUST2361,58,Male,PROD1561,USA,8/17/2021,7/24/2023,2,active,471.05,4,49,Jeans,Clothing,4.0,0
ORD6362,CUST2362,67,Female,PROD1562,Canada,07-03-2022,7/24/2025,1,paused,23.01,8,3,Camera,Electronics,4.0,0
ORD6363,CUST2363,41,Female,PROD1563,Pakistan,05-04-2023,04-12-2025,2,paused,115.09,6,36,Headphones,Electronics,3.5,1
ORD6364,CUST2364,23,Male,PROD1564,Canada,12/28/2020,1/15/2022,3,cancelled,1588.58,1,40,Blender,Home,4.0,0
ORD6365,CUST2365,45,Female,PROD1565,UK,09-09-2022,5/14/2023,3,paused,130.33,7,48,Moisturizer,Beauty,3.4,1
ORD6366,CUST2366,57,Female,PROD1566,India,06-12-2022,9/27/2022,4,active,12.04,7,9,Lamp,Home,4.2,0
ORD6367,CUST2367,41,Female,PROD1567,Canada,3/15/2021,08-03-2025,4,active,246.03,1,17,Refrigerator,Home,3.8,0
ORD6368,CUST2368,54,Male,PROD1568,Germany,1/27/2021,7/26/2023,4,cancelled,908.2,1,18,T-Shirt,Clothing,4.1,0
ORD6369,CUST2369,57,Other,PROD1569,India,2/24/2021,12/30/2021,2,cancelled,150.0,9,35,Moisturizer,Beauty,4.2,0
ORD6370,CUST2370,61,Male,PROD1570,India,10/28/2021,05-04-2024,3,active,142.08,5,22,Shirt,Clothing,4.3,0
ORD6371,CUST2371,19,Male,PROD1571,Canada,4/27/2021,06-08-2021,2,active,379.56,5,9,Microwave,Home,4.2,0
ORD6372,CUST2372,23,Female,PROD1572,Canada,04-08-2023,07-11-2024,2,active,102.98,5,37,Nail Polish,Beauty,4.1,0
ORD6373,CUST2373,64,Female,PROD1573,Canada,06-07-2021,9/15/2024,3,paused,253.18,7,36,Headphones,Electronics,3.9,0
ORD6374,CUST2374,64,Male,PROD1574,Canada,5/21/2022,6/18/2023,3,cancelled,194.77,3,39,T-Shirt,Clothing,3.3,1
ORD6375,CUST2375,50,Male,PROD1575,UK,7/31/2023,1/21/2025,4,active,684.85,1,13,Yoga Mat,Sports,4.3,0
ORD6376,CUST2376,63,Female,PROD1576,Pakistan,07-07-2023,5/19/2025,0,active,79.84,5,3,Sofa,Home,3.9,0
ORD6377,CUST2377,38,Female,PROD1577,Canada,11/20/2020,7/13/2024,4,cancelled,59.01,9,47,Dumbbells,Sports,4.3,0
ORD6378,CUST2378,33,Female,PROD1578,Germany,05-06-2023,07-07-2025,4,cancelled,291.0,2,47,Nail Polish,Beauty,3.6,1
ORD6379,CUST2379,22,Female,PROD1579,USA,9/29/2020,8/29/2022,1,paused,159.4,7,37,Cricket Bat,Sports,3.8,0
ORD6380,CUST2380,67,Female,PROD1580,USA,08-01-2021,10/22/2024,3,cancelled,755.57,1,20,Sneakers,Clothing,3.9,0
ORD6381,CUST2381,63,Male,PROD1581,USA,08-12-2021,10/27/2024,1,active,191.24,9,5,Foundation,Beauty,4.6,0
ORD6382,CUST2382,64,Other,PROD1582,USA,9/30/2021,10/21/2023,3,paused,161.58,1,10,Skirt,Clothing,3.8,0
ORD6383,CUST2383,67,Female,PROD1583,Germany,4/26/2022,01-07-2025,3,paused,15.82,8,34,Jeans,Clothing,3.9,0
ORD6384,CUST2384,53,Male,PROD1584,Pakistan,06-05-2023,09-01-2024,3,active,796.22,2,2,Microwave,Home,4.1,0
ORD6385,CUST2385,44,Male,PROD1585,Pakistan,06-12-2023,7/14/2024,2,cancelled,205.61,4,39,Jeans,Clothing,3.6,1
ORD6386,CUST2386,26,Male,PROD1586,India,12/17/2022,01-05-2025,2,active,271.7,3,18,Microwave,Home,4.4,0
ORD6387,CUST2387,25,Female,PROD1587,Pakistan,04-04-2023,11/25/2023,1,active,46.96,6,15,Smartphone,Electronics,4.3,0
ORD6388,CUST2388,64,Female,PROD1588,Germany,12-04-2022,9/25/2024,2,active,1221.69,1,8,Sofa,Home,4.7,0
ORD6389,CUST2389,39,Male,PROD1589,Germany,5/22/2021,01-03-2024,3,cancelled,423.54,3,12,Conditioner,Beauty,4.3,0
ORD6390,CUST2390,26,Female,PROD1590,India,1/27/2022,6/30/2024,3,cancelled,179.2,9,40,Foundation,Beauty,3.9,0
ORD6391,CUST2391,54,Male,PROD1591,USA,10/17/2020,5/25/2021,0,active,37.03,4,31,Smartwatch,Electronics,3.9,0
ORD6392,CUST2392,63,Male,PROD1592,India,10-10-2020,07-03-2021,0,active,118.63,8,47,Bluetooth Speaker,Electronics,3.7,1
ORD6393,CUST2393,33,Male,PROD1593,UK,04-10-2023,09-08-2024,1,paused,259.76,5,15,Cricket Bat,Sports,3.5,1
ORD6394,CUST2394,51,Male,PROD1594,UK,10/28/2021,6/16/2024,2,paused,169.48,5,39,T-Shirt,Clothing,4.0,0
ORD6395,CUST2395,59,Male,PROD1595,UK,10-10-2021,02-04-2024,4,cancelled,99.51,9,31,Smartphone,Electronics,4.1,0
ORD6396,CUST2396,62,Female,PROD1596,UK,8/28/2021,1/18/2025,3,active,1615.8,1,9,Dining Table,Home,3.9,0
ORD6397,CUST2397,67,Female,PROD1597,Pakistan,8/21/2021,2/25/2025,2,active,1785.74,1,41,Refrigerator,Home,4.4,0
ORD6398,CUST2398,69,Male,PROD1598,Canada,1/30/2021,11-05-2022,4,active,83.28,7,33,Tennis Racket,Sports,4.3,0
ORD6399,CUST2399,31,Male,PROD1599,USA,8/22/2021,05-04-2023,1,active,43.76,9,49,Lipstick,Beauty,4.5,0
ORD6400,CUST2400,18,Male,PROD1600,Canada,11-10-2021,11-09-2024,4,active,415.22,4,35,Vacuum Cleaner,Home,4.0,0
ORD6401,CUST2401,56,Male,PROD1601,India,12/29/2020,9/15/2024,2,cancelled,261.32,6,32,Cycling Helmet,Sports,3.9,0
ORD6402,CUST2402,57,Female,PROD1602,USA,06-01-2022,10/28/2023,3,active,266.39,3,32,Bluetooth Speaker,Electronics,4.2,0
ORD6403,CUST2403,35,Other,PROD1603,USA,5/17/2021,11-10-2021,2,paused,132.31,8,11,Shampoo,Beauty,4.1,0
ORD6404,CUST2404,56,Male,PROD1604,UK,05-04-2023,5/27/2023,3,active,384.68,5,18,Laptop,Electronics,3.7,1
ORD6405,CUST2405,20,Male,PROD1605,Canada,3/19/2022,2/18/2023,5,active,1914.38,1,10,Dumbbells,Sports,4.1,0
ORD6406,CUST2406,49,Male,PROD1606,Pakistan,06-05-2023,7/15/2023,0,active,679.41,2,41,Skirt,Clothing,4.2,0
ORD6407,CUST2407,63,Male,PROD1607,Pakistan,8/17/2021,11-11-2021,2,cancelled,145.38,3,30,Conditioner,Beauty,4.3,0
ORD6408,CUST2408,33,Female,PROD1608,Germany,1/22/2021,4/18/2021,3,active,219.08,7,16,Chair,Home,3.6,1
ORD6409,CUST2409,43,Male,PROD1609,India,4/24/2021,9/15/2021,2,active,90.87,7,25,Dumbbells,Sports,4.1,0
ORD6410,CUST2410,21,Male,PROD1610,Germany,4/28/2023,6/14/2024,4,paused,36.01,2,9,Smartphone,Electronics,4.5,0
ORD6411,CUST2411,65,Male,PROD1611,USA,12/26/2022,8/13/2024,2,paused,388.06,5,45,Bluetooth Speaker,Electronics,4.2,0
ORD6412,CUST2412,48,Female,PROD1612,Canada,08-05-2021,3/23/2025,5,active,81.82,4,33,Laptop,Electronics,4.3,0
ORD6413,CUST2413,42,Female,PROD1613,Germany,11/29/2021,05-08-2025,0,active,107.4,8,5,Moisturizer,Beauty,4.0,0
ORD6414,CUST2414,38,Male,PROD1614,USA,10/28/2022,05-01-2024,3,active,656.65,3,13,Conditioner,Beauty,4.2,0
ORD6415,CUST2415,69,Male,PROD1615,UK,1/21/2023,12/17/2024,1,active,213.07,8,47,Dumbbells,Sports,4.2,0
ORD6416,CUST2416,63,Female,PROD1616,Canada,05-04-2023,10-08-2024,4,cancelled,259.9,6,34,Sneakers,Clothing,4.5,0
ORD6417,CUST2417,59,Female,PROD1617,UK,4/19/2023,12/19/2024,1,active,1499.25,1,4,Moisturizer,Beauty,3.8,0
ORD6418,CUST2418,57,Female,PROD1618,UK,09-02-2021,6/21/2024,2,active,161.93,9,39,Laptop,Electronics,4.4,0
ORD6419,CUST2419,33,Male,PROD1619,Pakistan,5/22/2021,8/17/2025,3,active,229.55,8,21,Jacket,Clothing,4.1,0
ORD6420,CUST2420,66,Female,PROD1620,USA,4/24/2023,4/25/2024,1,cancelled,298.18,1,13,Jeans,Clothing,4.2,0
ORD6421,CUST2421,56,Female,PROD1621,India,1/16/2022,11-12-2024,1,cancelled,1299.21,1,8,Foundation,Beauty,4.3,0
ORD6422,CUST2422,28,Female,PROD1622,India,2/25/2021,07-05-2022,0,active,172.69,7,19,Hoodie,Clothing,4.1,0
ORD6423,CUST2423,56,Female,PROD1623,UK,2/16/2023,02-03-2024,3,active,479.12,3,35,Cycling Helmet,Sports,4.2,0
ORD6424,CUST2424,53,Female,PROD1624,UK,6/29/2022,10/21/2023,2,active,140.61,8,2,Smartwatch,Electronics,4.1,0
ORD6425,CUST2425,49,Male,PROD1625,UK,05-03-2021,5/21/2022,0,paused,208.33,7,30,Lipstick,Beauty,3.9,0
ORD6426,CUST2426,23,Female,PROD1626,Germany,6/21/2021,5/26/2024,1,active,100.62,9,13,Cricket Bat,Sports,3.9,0
ORD6427,CUST2427,21,Male,PROD1627,Germany,03-02-2022,4/13/2023,0,cancelled,6.64,8,15,Football,Sports,3.8,0
ORD6428,CUST2428,48,Female,PROD1628,Germany,05-08-2023,01-08-2024,4,paused,131.34,8,31,Camera,Electronics,4.6,0
ORD6429,CUST2429,36,Male,PROD1629,Germany,1/20/2023,09-04-2024,5,active,1092.39,1,45,Camera,Electronics,3.6,1
ORD6430,CUST2430,50,Female,PROD1630,UK,12/19/2021,11-05-2023,2,cancelled,409.65,4,41,Dumbbells,Sports,4.1,0
ORD6431,CUST2431,25,Male,PROD1631,USA,5/26/2022,11/17/2023,4,cancelled,155.73,4,4,Lamp,Home,4.2,0
ORD6432,CUST2432,47,Female,PROD1632,UK,10/14/2020,11/23/2024,3,paused,226.08,8,5,Cricket Bat,Sports,4.3,0
ORD6433,CUST2433,31,Female,PROD1633,Germany,12/22/2021,05-05-2024,0,active,1695.0,1,32,Laptop,Electronics,3.9,0
ORD6434,CUST2434,54,Male,PROD1634,Germany,5/20/2022,9/17/2023,0,active,100.53,7,10,Dress,Clothing,3.9,0
ORD6435,CUST2435,68,Female,PROD1635,Canada,09-12-2022,11-06-2024,2,cancelled,751.06,2,37,Microwave,Home,4.0,0
ORD6436,CUST2436,36,Female,PROD1636,Canada,6/18/2021,2/20/2024,1,paused,454.17,2,34,Vacuum Cleaner,Home,4.4,0
ORD6437,CUST2437,51,Male,PROD1637,Germany,2/13/2023,9/16/2023,0,active,299.3,4,15,Headphones,Electronics,4.2,0
ORD6438,CUST2438,64,Female,PROD1638,USA,10-06-2021,7/26/2024,1,active,234.74,1,36,Perfume,Beauty,4.5,0
ORD6439,CUST2439,63,Female,PROD1639,USA,6/25/2021,03-02-2023,2,cancelled,221.69,6,11,Sofa,Home,4.1,0
ORD6440,CUST2440,66,Male,PROD1640,UK,12/13/2021,03-11-2022,4,paused,744.56,2,37,Sofa,Home,4.1,0
ORD6441,CUST2441,26,Male,PROD1641,UK,9/30/2021,12-04-2021,3,active,400.07,3,24,T-Shirt,Clothing,4.2,0
ORD6442,CUST2442,21,Male,PROD1642,USA,12/26/2021,12-03-2024,5,cancelled,390.99,3,34,Tablet,Electronics,4.2,0
ORD6443,CUST2443,64,Male,PROD1643,India,07-07-2021,02-02-2022,2,cancelled,111.28,4,8,Lipstick,Beauty,4.0,0
ORD6444,CUST2444,45,Female,PROD1644,India,10/21/2022,2/25/2024,3,active,260.36,7,49,Hoodie,Clothing,4.3,0
ORD6445,CUST2445,26,Female,PROD1645,India,4/24/2022,6/19/2024,5,paused,228.34,6,15,Face Wash,Beauty,3.6,1
ORD6446,CUST2446,31,Female,PROD1646,UK,2/14/2021,3/22/2024,2,active,149.01,8,45,Sofa,Home,3.5,1
ORD6447,CUST2447,67,Female,PROD1647,UK,6/24/2022,12-12-2022,1,active,602.62,2,6,Shampoo,Beauty,4.3,0
ORD6448,CUST2448,52,Male,PROD1648,USA,3/27/2023,05-05-2025,5,active,323.71,5,22,Foundation,Beauty,3.6,1
ORD6449,CUST2449,58,Male,PROD1649,India,2/28/2022,1/20/2025,1,active,204.33,9,44,Sneakers,Clothing,2.9,1
ORD6450,CUST2450,42,Male,PROD1650,Pakistan,07-11-2023,07-04-2025,1,active,271.08,6,14,Laptop,Electronics,4.2,0
ORD6451,CUST2451,52,Female,PROD1651,Canada,12/15/2022,10-05-2024,5,active,153.01,8,48,Football,Sports,4.4,0
ORD6452,CUST2452,65,Female,PROD1652,Pakistan,9/29/2020,4/28/2021,1,cancelled,230.35,8,32,Dumbbells,Sports,4.1,0
ORD6453,CUST2453,60,Female,PROD1653,UK,03-05-2023,1/24/2024,1,cancelled,67.11,9,17,Tennis Racket,Sports,3.8,0
ORD6454,CUST2454,23,Female,PROD1654,UK,8/22/2020,4/23/2021,1,paused,17.4,6,27,Laptop,Electronics,3.5,1
ORD6455,CUST2455,48,Male,PROD1655,UK,2/20/2021,9/23/2024,1,active,697.2,2,16,Smartwatch,Electronics,4.1,0
ORD6456,CUST2456,44,Male,PROD1656,Germany,03-11-2021,11-01-2022,5,active,976.01,2,45,Yoga Mat,Sports,3.2,1
ORD6457,CUST2457,35,Male,PROD1657,UK,06-08-2023,4/21/2024,1,active,240.13,7,15,Lipstick,Beauty,4.4,0
ORD6458,CUST2458,43,Male,PROD1658,USA,12-09-2022,04-11-2023,5,cancelled,81.84,7,19,Dress,Clothing,3.6,1
ORD6459,CUST2459,66,Female,PROD1659,India,10-12-2020,4/27/2021,2,active,126.39,7,22,Running Shoes,Sports,3.1,1
ORD6460,CUST2460,42,Male,PROD1660,Germany,2/13/2021,06-06-2023,3,paused,50.66,4,27,Shirt,Clothing,4.0,0
ORD6461,CUST2461,20,Female,PROD1661,Pakistan,8/20/2020,4/20/2023,4,active,1034.24,1,18,Laptop,Electronics,4.1,0
ORD6462,CUST2462,47,Female,PROD1662,Canada,08-05-2021,03-02-2025,4,paused,43.76,9,24,Dining Table,Home,3.6,1
ORD6463,CUST2463,68,Female,PROD1663,USA,7/29/2023,12-07-2024,2,active,85.89,9,27,Lipstick,Beauty,4.0,0
ORD6464,CUST2464,46,Male,PROD1664,Pakistan,12/30/2021,04-12-2024,0,paused,271.63,5,21,Lipstick,Beauty,4.3,0
ORD6465,CUST2465,43,Male,PROD1665,Pakistan,10/23/2022,7/19/2023,5,active,8.14,5,30,Nail Polish,Beauty,4.1,0
ORD6466,CUST2466,33,Female,PROD1666,India,12-12-2020,10-02-2021,1,active,594.86,2,9,Hoodie,Clothing,4.2,0
ORD6467,CUST2467,36,Male,PROD1667,Canada,8/23/2020,11/16/2023,2,paused,170.65,4,36,Jeans,Clothing,3.9,0
ORD6468,CUST2468,23,Female,PROD1668,Pakistan,12/13/2022,9/22/2023,2,active,358.17,5,8,Camera,Electronics,4.0,0
ORD6469,CUST2469,36,Female,PROD1669,UK,9/25/2020,5/29/2023,4,active,623.62,1,4,Shampoo,Beauty,4.2,0
ORD6470,CUST2470,52,Male,PROD1670,Germany,04-07-2023,2/16/2024,0,active,666.92,1,34,Sofa,Home,4.2,0
ORD6471,CUST2471,54,Female,PROD1671,India,5/14/2023,08-04-2025,2,active,240.82,1,17,Chair,Home,4.1,0
ORD6472,CUST2472,21,Male,PROD1672,India,1/18/2022,4/30/2023,5,cancelled,72.58,7,31,Face Wash,Beauty,4.4,0
ORD6473,CUST2473,67,Other,PROD1673,USA,12-10-2021,2/18/2025,1,cancelled,86.11,5,23,Nail Polish,Beauty,4.1,0
ORD6474,CUST2474,64,Male,PROD1674,Germany,7/16/2022,10-07-2022,2,active,28.47,4,9,Perfume,Beauty,4.2,0
ORD6475,CUST2475,50,Female,PROD1675,UK,12/25/2020,11/30/2022,2,active,501.52,2,24,Football,Sports,4.1,0
ORD6476,CUST2476,42,Male,PROD1676,Canada,11-11-2020,05-07-2024,2,active,916.46,2,8,Laptop,Electronics,3.9,0
ORD6477,CUST2477,36,Male,PROD1677,UK,11/18/2021,07-12-2023,1,paused,339.31,5,43,Skirt,Clothing,3.9,0
ORD6478,CUST2478,52,Male,PROD1678,Germany,5/24/2023,06-07-2024,2,active,589.66,1,25,Microwave,Home,4.2,0
ORD6479,CUST2479,46,Female,PROD1679,USA,11/29/2020,3/19/2021,0,active,214.73,7,47,Moisturizer,Beauty,4.2,0
ORD6480,CUST2480,64,Female,PROD1680,India,12/30/2020,8/21/2024,3,cancelled,913.56,1,46,Cycling Helmet,Sports,3.7,1
ORD6481,CUST2481,41,Male,PROD1681,India,10-07-2021,12/31/2024,0,active,515.65,2,44,Foundation,Beauty,3.7,1
ORD6482,CUST2482,46,Female,PROD1682,Pakistan,06-09-2023,11/19/2023,3,paused,67.77,3,8,Football,Sports,3.4,1
ORD6483,CUST2483,37,Female,PROD1683,UK,9/28/2022,7/15/2025,3,cancelled,485.61,4,11,Lipstick,Beauty,4.2,0
ORD6484,CUST2484,33,Female,PROD1684,UK,02-06-2023,11/21/2024,0,cancelled,176.45,2,19,Perfume,Beauty,4.0,0
ORD6485,CUST2485,56,Male,PROD1685,Germany,12-03-2021,07-04-2023,0,active,8.27,6,39,Blender,Home,4.1,0
ORD6486,CUST2486,59,Female,PROD1686,Canada,01-05-2023,02-10-2025,4,active,407.74,4,49,Conditioner,Beauty,3.9,0
ORD6487,CUST2487,56,Male,PROD1687,Canada,09-08-2020,5/21/2023,3,active,348.65,5,24,Foundation,Beauty,4.0,0
ORD6488,CUST2488,63,Female,PROD1688,India,4/27/2022,12/14/2022,5,cancelled,123.75,7,11,Foundation,Beauty,3.9,0
ORD6489,CUST2489,29,Female,PROD1689,USA,11-07-2021,04-02-2022,5,active,187.84,4,45,Cycling Helmet,Sports,4.2,0
ORD6490,CUST2490,47,Male,PROD1690,USA,04-08-2021,4/14/2024,2,cancelled,204.11,4,34,Jacket,Clothing,4.3,0
ORD6491,CUST2491,55,Male,PROD1691,USA,6/24/2021,8/17/2024,2,cancelled,130.04,8,40,Blender,Home,4.0,0
ORD6492,CUST2492,68,Male,PROD1692,India,11/29/2022,04-05-2023,3,active,328.35,4,40,Face Wash,Beauty,2.6,1
ORD6493,CUST2493,39,Male,PROD1693,Canada,03-04-2023,09-10-2024,4,paused,181.01,6,46,Yoga Mat,Sports,3.8,0
ORD6494,CUST2494,43,Male,PROD1694,UK,6/22/2021,9/15/2022,2,active,20.16,8,2,T-Shirt,Clothing,4.5,0
ORD6495,CUST2495,18,Male,PROD1695,UK,12/26/2021,12/31/2024,4,cancelled,198.39,7,46,Camera,Electronics,3.5,1
ORD6496,CUST2496,39,Male,PROD1696,Germany,3/18/2022,03-02-2023,0,cancelled,193.9,5,6,Football,Sports,3.9,0
ORD6497,CUST2497,52,Female,PROD1697,India,06-02-2021,7/19/2023,3,cancelled,413.8,2,18,Skirt,Clothing,4.0,0
ORD6498,CUST2498,42,Female,PROD1698,Germany,1/24/2022,7/26/2024,0,active,341.64,2,12,Dress,Clothing,4.0,0
ORD6499,CUST2499,38,Male,PROD1699,India,4/24/2023,06-02-2023,4,active,388.6,3,26,Foundation,Beauty,3.5,1
ORD6500,CUST2500,35,Male,PROD1700,India,07-05-2021,03-07-2023,2,active,187.87,5,42,Laptop,Electronics,4.0,0
ORD6501,CUST2501,66,Male,PROD1701,India,04-12-2021,3/23/2023,2,cancelled,618.99,3,3,Microwave,Home,3.4,1
ORD6502,CUST2502,28,Female,PROD1702,Germany,2/28/2021,03-12-2022,4,active,1155.2,1,29,Face Wash,Beauty,4.2,0
ORD6503,CUST2503,40,Male,PROD1703,Germany,1/16/2022,11/30/2024,4,active,82.63,9,48,Lamp,Home,3.8,0
ORD6504,CUST2504,49,Male,PROD1704,USA,07-05-2023,02-07-2024,5,paused,262.1,4,37,Sofa,Home,4.1,0
ORD6505,CUST2505,55,Male,PROD1705,Pakistan,2/16/2021,10-02-2022,3,active,738.66,2,37,Tablet,Electronics,4.2,0
ORD6506,CUST2506,25,Female,PROD1706,USA,10/14/2022,03-05-2024,1,active,2.91,8,48,Sofa,Home,4.3,0
ORD6507,CUST2507,26,Male,PROD1707,Canada,01-06-2023,11/30/2023,3,active,486.08,4,26,Basketball,Sports,4.2,0
ORD6508,CUST2508,64,Male,PROD1708,Pakistan,02-08-2022,4/22/2025,0,cancelled,62.6,6,3,Dining Table,Home,4.1,0
ORD6509,CUST2509,34,Male,PROD1709,India,1/24/2022,10/30/2022,3,paused,522.52,1,11,Tablet,Electronics,3.9,0
ORD6510,CUST2510,46,Male,PROD1710,UK,5/18/2022,08-06-2023,5,active,30.67,5,38,Basketball,Sports,3.3,1
ORD6511,CUST2511,32,Female,PROD1711,Canada,08-12-2021,4/26/2022,5,cancelled,224.96,8,15,Jacket,Clothing,4.3,0
ORD6512,CUST2512,20,Male,PROD1712,UK,06-10-2022,2/15/2023,2,cancelled,2.85,9,34,Cycling Helmet,Sports,3.9,0
ORD6513,CUST2513,29,Female,PROD1713,UK,01-12-2021,11-04-2023,4,active,571.46,2,14,Headphones,Electronics,4.3,0
ORD6514,CUST2514,35,Female,PROD1714,India,3/24/2021,12/26/2024,3,active,558.66,2,35,Tablet,Electronics,3.6,1
ORD6515,CUST2515,20,Male,PROD1715,Pakistan,3/30/2023,04-09-2025,1,cancelled,34.92,5,7,Blender,Home,3.8,0
ORD6516,CUST2516,30,Male,PROD1716,Pakistan,10-08-2021,4/29/2022,1,active,316.57,6,18,Vacuum Cleaner,Home,3.9,0
ORD6517,CUST2517,28,Female,PROD1717,USA,1/29/2022,6/18/2025,2,active,243.66,5,37,Lamp,Home,4.6,0
ORD6518,CUST2518,55,Female,PROD1718,Canada,10-09-2021,7/29/2022,5,active,158.84,9,9,Sneakers,Clothing,3.8,0
ORD6519,CUST2519,64,Male,PROD1719,Germany,10-11-2020,04-03-2025,0,cancelled,30.74,7,27,Shirt,Clothing,3.9,0
ORD6520,CUST2520,57,Female,PROD1720,UK,10/17/2022,3/23/2024,3,cancelled,793.8,2,37,Bluetooth Speaker,Electronics,4.1,0
ORD6521,CUST2521,20,Male,PROD1721,Germany,11/28/2022,10/14/2023,1,active,292.99,6,8,Conditioner,Beauty,3.6,1
ORD6522,CUST2522,62,Female,PROD1722,India,3/28/2021,11/29/2022,4,cancelled,341.04,2,5,Moisturizer,Beauty,4.4,0
ORD6523,CUST2523,58,Male,PROD1723,Germany,12/17/2020,3/21/2024,0,paused,205.75,7,5,Gaming Console,Electronics,4.3,0
ORD6524,CUST2524,19,Female,PROD1724,UK,7/31/2021,4/29/2024,5,active,126.42,7,45,Gaming Console,Electronics,4.7,0
ORD6525,CUST2525,18,Female,PROD1725,Canada,06-03-2023,3/22/2025,5,active,205.06,6,40,Nail Polish,Beauty,4.3,0
ORD6526,CUST2526,18,Male,PROD1726,Canada,10-04-2020,05-05-2025,4,active,87.18,2,14,Microwave,Home,3.9,0
ORD6527,CUST2527,37,Male,PROD1727,USA,10-03-2022,5/21/2024,5,active,40.23,7,40,Bluetooth Speaker,Electronics,3.9,0
ORD6528,CUST2528,21,Male,PROD1728,USA,2/23/2023,12-01-2023,4,cancelled,375.8,5,12,Sneakers,Clothing,3.7,1
ORD6529,CUST2529,20,Male,PROD1729,USA,6/28/2022,03-10-2024,2,cancelled,277.5,5,42,Nail Polish,Beauty,3.5,1
ORD6530,CUST2530,65,Other,PROD1730,India,9/15/2022,10/24/2023,5,active,122.48,8,39,Sofa,Home,4.0,0
ORD6531,CUST2531,47,Male,PROD1731,Canada,11-11-2021,9/27/2023,3,active,114.92,4,4,Jeans,Clothing,4.1,0
ORD6532,CUST2532,53,Male,PROD1732,USA,6/20/2022,07-10-2024,5,active,292.53,1,4,Vacuum Cleaner,Home,3.9,0
ORD6533,CUST2533,66,Male,PROD1733,Pakistan,03-04-2023,05-02-2025,1,active,239.23,3,11,Smartwatch,Electronics,4.4,0
ORD6534,CUST2534,35,Male,PROD1734,UK,02-04-2021,12/28/2022,3,cancelled,120.66,3,10,Foundation,Beauty,4.3,0
ORD6535,CUST2535,41,Female,PROD1735,Pakistan,2/25/2023,8/17/2024,2,cancelled,129.0,9,30,Yoga Mat,Sports,4.5,0
ORD6536,CUST2536,41,Male,PROD1736,Germany,3/28/2023,09-02-2024,2,active,184.41,9,41,Tennis Racket,Sports,4.0,0
ORD6537,CUST2537,43,Female,PROD1737,Canada,4/15/2023,12/31/2023,2,active,90.24,6,16,Skirt,Clothing,3.9,0
ORD6538,CUST2538,58,Male,PROD1738,Pakistan,10/29/2022,04-03-2023,2,cancelled,135.02,4,38,Jacket,Clothing,4.2,0
ORD6539,CUST2539,59,Female,PROD1739,Canada,3/28/2022,9/14/2023,4,active,73.1,6,32,Tablet,Electronics,4.1,0
ORD6540,CUST2540,30,Male,PROD1740,Canada,9/27/2020,1/24/2021,3,paused,314.7,2,4,Bluetooth Speaker,Electronics,3.7,1
ORD6541,CUST2541,54,Female,PROD1741,Canada,4/15/2023,01-02-2024,4,active,195.83,3,17,Moisturizer,Beauty,4.1,0
ORD6542,CUST2542,40,Male,PROD1742,Canada,12/30/2021,10/22/2024,4,cancelled,226.27,8,15,Skirt,Clothing,4.2,0
ORD6543,CUST2543,49,Female,PROD1743,Germany,11-04-2020,7/30/2021,4,active,486.7,3,5,Sneakers,Clothing,4.3,0
ORD6544,CUST2544,36,Female,PROD1744,USA,05-12-2023,5/16/2024,1,cancelled,588.03,3,3,Lipstick,Beauty,3.6,1
ORD6545,CUST2545,34,Female,PROD1745,Germany,5/21/2023,2/14/2024,3,cancelled,841.79,2,41,Hoodie,Clothing,4.1,0
ORD6546,CUST2546,18,Female,PROD1746,India,3/17/2023,7/29/2024,1,paused,151.42,1,45,Lamp,Home,4.5,0
ORD6547,CUST2547,65,Female,PROD1747,Germany,12/29/2020,5/18/2021,2,active,263.28,4,25,Skirt,Clothing,4.2,0
ORD6548,CUST2548,20,Female,PROD1748,Canada,6/19/2022,1/24/2025,2,cancelled,129.67,8,20,Nail Polish,Beauty,4.3,0
ORD6549,CUST2549,30,Female,PROD1749,UK,6/20/2022,11-06-2024,2,active,1735.82,1,42,Hoodie,Clothing,4.0,0
ORD6550,CUST2550,68,Female,PROD1750,UK,10/14/2021,6/26/2023,2,active,89.49,4,48,Vacuum Cleaner,Home,4.2,0
ORD6551,CUST2551,40,Male,PROD1751,Canada,09-09-2022,11/28/2023,0,cancelled,84.45,8,31,Chair,Home,4.2,0
ORD6552,CUST2552,65,Male,PROD1752,Pakistan,03-01-2021,11-12-2021,0,active,101.16,7,21,Shampoo,Beauty,4.5,0
ORD6553,CUST2553,54,Female,PROD1753,Germany,1/23/2022,4/28/2024,3,active,274.23,4,22,Perfume,Beauty,3.8,0
ORD6554,CUST2554,63,Male,PROD1754,India,3/15/2022,02-08-2024,2,paused,62.25,9,45,Tennis Racket,Sports,4.4,0
ORD6555,CUST2555,45,Female,PROD1755,USA,02-10-2023,08-06-2024,5,cancelled,323.67,5,12,Chair,Home,4.1,0
ORD6556,CUST2556,65,Male,PROD1756,Canada,09-06-2021,3/21/2024,4,active,960.43,1,44,Refrigerator,Home,4.2,0
ORD6557,CUST2557,29,Female,PROD1757,Canada,2/21/2022,11/25/2022,3,active,16.74,4,3,Dumbbells,Sports,4.3,0
ORD6558,CUST2558,30,Male,PROD1758,USA,11-06-2021,9/15/2023,2,active,202.24,6,10,Nail Polish,Beauty,4.1,0
ORD6559,CUST2559,57,Female,PROD1759,Germany,10/26/2022,08-09-2025,5,active,143.16,8,12,Nail Polish,Beauty,4.2,0
ORD6560,CUST2560,39,Female,PROD1760,Germany,05-12-2023,4/13/2024,2,active,1785.86,1,37,Dumbbells,Sports,4.1,0
ORD6561,CUST2561,65,Female,PROD1761,India,09-08-2021,07-03-2025,1,paused,328.43,5,26,Jacket,Clothing,3.9,0
ORD6562,CUST2562,48,Male,PROD1762,India,01-02-2021,04-09-2023,4,active,298.07,3,7,Skirt,Clothing,3.9,0
ORD6563,CUST2563,41,Female,PROD1763,Pakistan,2/20/2022,9/14/2022,2,cancelled,506.96,1,28,T-Shirt,Clothing,3.8,0
ORD6564,CUST2564,43,Male,PROD1764,Pakistan,5/24/2021,7/20/2025,1,active,234.68,4,43,T-Shirt,Clothing,4.6,0
ORD6565,CUST2565,19,Other,PROD1765,Canada,1/16/2022,04-09-2023,5,active,346.97,3,33,Basketball,Sports,3.6,1
ORD6566,CUST2566,42,Male,PROD1766,India,08-08-2022,11/20/2022,0,cancelled,347.84,5,5,Smartwatch,Electronics,4.1,0
ORD6567,CUST2567,35,Male,PROD1767,India,1/27/2021,09-07-2021,1,cancelled,121.64,8,38,Chair,Home,4.2,0
ORD6568,CUST2568,38,Female,PROD1768,India,03-06-2021,7/26/2023,5,active,323.96,6,5,Jeans,Clothing,4.3,0
ORD6569,CUST2569,28,Female,PROD1769,India,7/26/2022,10-11-2022,5,active,171.03,9,17,Cycling Helmet,Sports,3.9,0
ORD6570,CUST2570,65,Male,PROD1770,India,1/17/2022,03-12-2024,2,paused,46.66,2,8,Nail Polish,Beauty,3.9,0
ORD6571,CUST2571,49,Female,PROD1771,Germany,1/27/2021,05-10-2023,2,paused,87.07,8,38,Smartwatch,Electronics,4.0,0
ORD6572,CUST2572,45,Female,PROD1772,Germany,4/14/2022,10-06-2022,1,active,169.39,7,5,Smartphone,Electronics,4.4,0
ORD6573,CUST2573,42,Female,PROD1773,Pakistan,9/23/2022,01-01-2023,0,paused,206.04,7,29,Football,Sports,4.2,0
ORD6574,CUST2574,64,Male,PROD1774,Pakistan,12/30/2021,02-12-2023,1,active,131.98,9,26,Sneakers,Clothing,4.5,0
ORD6575,CUST2575,41,Male,PROD1775,Canada,4/23/2022,12/27/2024,3,active,22.25,2,12,Tablet,Electronics,4.1,0
ORD6576,CUST2576,49,Female,PROD1776,Canada,10-09-2020,5/18/2025,3,cancelled,124.98,6,18,Jeans,Clothing,4.1,0
ORD6577,CUST2577,61,Male,PROD1777,Canada,4/18/2022,01-04-2024,2,active,265.51,5,16,Vacuum Cleaner,Home,4.2,0
ORD6578,CUST2578,54,Male,PROD1778,Germany,09-10-2020,3/31/2021,1,paused,219.54,9,19,Jacket,Clothing,4.2,0
ORD6579,CUST2579,61,Male,PROD1779,Pakistan,3/19/2021,08-04-2023,4,active,255.15,5,41,Laptop,Electronics,4.0,0
ORD6580,CUST2580,27,Female,PROD1780,Pakistan,10-10-2020,5/26/2021,0,active,264.99,7,3,Nail Polish,Beauty,4.3,0
ORD6581,CUST2581,57,Female,PROD1781,Germany,03-02-2021,05-05-2022,0,cancelled,253.66,6,38,Skirt,Clothing,3.6,1
ORD6582,CUST2582,59,Female,PROD1782,UK,09-10-2020,9/23/2024,0,active,215.04,3,14,Shirt,Clothing,3.5,1
ORD6583,CUST2583,61,Male,PROD1783,Canada,1/23/2023,07-11-2024,5,cancelled,1226.37,1,11,Laptop,Electronics,4.3,0
ORD6584,CUST2584,55,Female,PROD1784,Pakistan,12/27/2020,3/17/2024,1,active,31.81,5,40,Sneakers,Clothing,3.6,1
ORD6585,CUST2585,24,Male,PROD1785,Germany,12/27/2021,11-03-2024,4,active,966.86,1,44,Skirt,Clothing,2.9,1
ORD6586,CUST2586,58,Male,PROD1786,USA,07-05-2021,05-01-2025,5,active,196.24,6,31,Smartphone,Electronics,4.2,0
ORD6587,CUST2587,24,Female,PROD1787,Germany,06-02-2023,11/13/2023,0,active,279.32,7,23,Sneakers,Clothing,4.4,0
ORD6588,CUST2588,65,Male,PROD1788,Pakistan,12-04-2022,08-08-2024,5,paused,125.73,8,17,Blender,Home,4.1,0
ORD6589,CUST2589,41,Male,PROD1789,Pakistan,7/24/2023,03-07-2024,4,active,480.9,3,12,Smartwatch,Electronics,3.8,0
ORD6590,CUST2590,59,Male,PROD1790,Canada,6/14/2021,12/23/2024,5,active,359.75,5,25,Shirt,Clothing,3.5,1
ORD6591,CUST2591,63,Other,PROD1791,Germany,06-08-2023,3/21/2025,2,active,159.41,7,32,Sneakers,Clothing,4.1,0
ORD6592,CUST2592,26,Other,PROD1792,India,6/30/2021,3/13/2022,0,cancelled,623.01,2,8,Chair,Home,3.2,1
ORD6593,CUST2593,34,Female,PROD1793,UK,01-04-2022,02-09-2022,1,paused,171.77,4,43,Shirt,Clothing,4.4,0
ORD6594,CUST2594,53,Female,PROD1794,Germany,9/25/2022,05-10-2024,5,active,140.03,3,25,Dress,Clothing,3.6,1
ORD6595,CUST2595,42,Male,PROD1795,Germany,1/18/2022,10/17/2024,4,active,222.75,5,35,Sneakers,Clothing,3.1,1
ORD6596,CUST2596,58,Male,PROD1796,Canada,11/22/2020,12/20/2022,2,paused,867.89,2,12,Bluetooth Speaker,Electronics,4.0,0
ORD6597,CUST2597,61,Female,PROD1797,UK,7/20/2021,12-10-2023,5,paused,426.44,2,10,Skirt,Clothing,4.1,0
ORD6598,CUST2598,47,Female,PROD1798,USA,8/13/2022,8/13/2022,2,active,274.02,5,22,Refrigerator,Home,3.6,1
ORD6599,CUST2599,33,Male,PROD1799,Germany,1/13/2023,5/18/2025,4,active,222.6,6,12,Perfume,Beauty,4.0,0
ORD6600,CUST2600,44,Female,PROD1800,Pakistan,7/25/2022,6/17/2023,2,active,177.18,9,30,Tablet,Electronics,4.3,0
ORD6601,CUST2601,58,Female,PROD1801,UK,6/23/2022,2/23/2023,3,cancelled,506.88,2,47,Camera,Electronics,4.4,0
ORD6602,CUST2602,59,Female,PROD1802,India,11-02-2020,06-04-2021,2,cancelled,142.16,8,1,Laptop,Electronics,4.1,0
ORD6603,CUST2603,50,Female,PROD1803,India,07-07-2023,7/15/2025,4,active,186.9,6,29,Vacuum Cleaner,Home,4.4,0
ORD6604,CUST2604,20,Female,PROD1804,Germany,10/16/2021,3/18/2023,4,active,46.03,8,24,Tennis Racket,Sports,3.1,1
ORD6605,CUST2605,60,Male,PROD1805,Germany,8/18/2023,4/15/2024,5,active,119.98,7,14,Hoodie,Clothing,4.3,0
ORD6606,CUST2606,43,Female,PROD1806,UK,11/20/2021,09-06-2023,0,active,428.32,1,38,Gaming Console,Electronics,4.4,0
ORD6607,CUST2607,62,Male,PROD1807,India,06-01-2023,11-11-2023,4,active,434.76,4,30,Camera,Electronics,4.4,0
ORD6608,CUST2608,64,Female,PROD1808,UK,5/25/2022,03-02-2023,1,active,823.43,1,16,Smartwatch,Electronics,4.1,0
ORD6609,CUST2609,35,Female,PROD1809,USA,4/20/2022,8/27/2022,4,active,457.86,4,11,Refrigerator,Home,4.1,0
ORD6610,CUST2610,18,Female,PROD1810,USA,12-12-2022,2/26/2023,0,paused,101.26,7,2,Dining Table,Home,4.0,0
ORD6611,CUST2611,55,Male,PROD1811,Pakistan,4/19/2021,4/30/2025,4,paused,96.22,6,20,Headphones,Electronics,3.6,1
ORD6612,CUST2612,54,Female,PROD1812,Germany,5/13/2023,09-04-2024,1,cancelled,231.8,5,16,Football,Sports,3.9,0
ORD6613,CUST2613,46,Female,PROD1813,Canada,7/15/2023,7/26/2024,0,active,322.05,5,24,Laptop,Electronics,3.9,0
ORD6614,CUST2614,60,Male,PROD1814,Canada,4/18/2021,6/26/2021,1,cancelled,69.27,6,43,Sneakers,Clothing,3.8,0
ORD6615,CUST2615,65,Male,PROD1815,Germany,10/28/2021,3/18/2025,4,active,1699.62,1,17,Hoodie,Clothing,4.1,0
ORD6616,CUST2616,32,Male,PROD1816,India,7/25/2023,12-03-2024,0,active,260.12,7,44,Cricket Bat,Sports,4.1,0
ORD6617,CUST2617,50,Female,PROD1817,Canada,11-01-2022,3/16/2023,0,active,161.93,8,43,Cricket Bat,Sports,4.1,0
ORD6618,CUST2618,45,Female,PROD1818,UK,10-05-2022,08-03-2024,1,active,191.99,7,3,Lamp,Home,3.8,0
ORD6619,CUST2619,22,Male,PROD1819,Germany,3/26/2021,9/18/2024,2,cancelled,91.6,9,37,Shirt,Clothing,4.3,0
ORD6620,CUST2620,65,Male,PROD1820,India,05-04-2021,09-05-2022,0,active,109.84,8,12,Chair,Home,4.5,0
ORD6621,CUST2621,57,Male,PROD1821,USA,8/19/2023,01-06-2025,2,paused,502.39,2,34,Laptop,Electronics,4.2,0
ORD6622,CUST2622,66,Male,PROD1822,Pakistan,12-10-2021,1/28/2024,3,active,201.65,9,21,T-Shirt,Clothing,3.9,0
ORD6623,CUST2623,24,Female,PROD1823,India,08-06-2022,7/18/2024,4,active,418.77,4,32,Skirt,Clothing,3.5,1
ORD6624,CUST2624,46,Female,PROD1824,Germany,05-04-2021,8/29/2023,4,cancelled,642.34,2,42,Shirt,Clothing,4.3,0
ORD6625,CUST2625,50,Male,PROD1825,Germany,12/23/2021,01-07-2025,4,paused,935.56,2,47,Gaming Console,Electronics,3.9,0
ORD6626,CUST2626,46,Male,PROD1826,Pakistan,10/15/2021,09-02-2022,2,cancelled,339.15,4,27,Basketball,Sports,3.9,0
ORD6627,CUST2627,23,Male,PROD1827,UK,11-04-2020,06-07-2023,4,active,375.92,4,26,Smartwatch,Electronics,4.0,0
ORD6628,CUST2628,64,Female,PROD1828,Canada,04-02-2022,08-01-2022,1,active,1105.58,1,30,Foundation,Beauty,4.7,0
ORD6629,CUST2629,32,Female,PROD1829,Germany,10/18/2021,06-10-2024,5,active,95.07,9,45,T-Shirt,Clothing,4.1,0
ORD6630,CUST2630,36,Male,PROD1830,USA,1/24/2023,12/26/2024,3,cancelled,166.35,8,43,Cricket Bat,Sports,3.8,0
ORD6631,CUST2631,26,Male,PROD1831,Pakistan,05-05-2023,10-02-2024,2,active,476.29,4,21,Football,Sports,4.1,0
ORD6632,CUST2632,67,Male,PROD1832,UK,1/14/2021,12/30/2022,3,paused,498.96,3,40,Football,Sports,4.3,0
ORD6633,CUST2633,61,Male,PROD1833,Canada,1/29/2023,5/14/2025,0,paused,212.7,4,29,Moisturizer,Beauty,4.1,0
ORD6634,CUST2634,22,Female,PROD1834,Canada,6/24/2021,6/20/2024,1,active,1839.2,1,48,Lipstick,Beauty,3.9,0
ORD6635,CUST2635,62,Male,PROD1835,UK,03-05-2022,07-09-2025,1,active,317.92,4,23,Running Shoes,Sports,3.8,0
ORD6636,CUST2636,45,Female,PROD1836,Pakistan,3/22/2023,8/17/2023,1,paused,125.84,9,49,Smartwatch,Electronics,4.1,0
ORD6637,CUST2637,59,Male,PROD1837,India,5/20/2023,9/16/2023,3,active,53.62,8,30,Dining Table,Home,4.3,0
ORD6638,CUST2638,42,Male,PROD1838,Germany,11/14/2021,11/27/2024,5,active,223.59,7,4,Bluetooth Speaker,Electronics,3.9,0
ORD6639,CUST2639,26,Female,PROD1839,USA,6/15/2021,11-10-2022,0,paused,49.19,3,29,Sofa,Home,2.8,1
ORD6640,CUST2640,37,Female,PROD1840,India,06-09-2023,4/24/2024,2,active,211.0,7,15,Shampoo,Beauty,4.0,0
ORD6641,CUST2641,36,Male,PROD1841,Germany,8/21/2021,9/23/2022,0,active,905.81,2,46,Headphones,Electronics,4.5,0
ORD6642,CUST2642,60,Female,PROD1842,Germany,05-06-2023,06-06-2023,5,active,97.72,8,2,Skirt,Clothing,4.6,0
ORD6643,CUST2643,34,Male,PROD1843,India,10-09-2021,2/28/2022,1,cancelled,410.74,3,39,Smartphone,Electronics,4.1,0
ORD6644,CUST2644,43,Female,PROD1844,Canada,10/20/2022,7/21/2024,0,active,91.62,6,9,Hoodie,Clothing,4.1,0
ORD6645,CUST2645,55,Female,PROD1845,India,08-04-2022,06-11-2024,2,cancelled,173.84,5,46,Laptop,Electronics,3.4,1
ORD6646,CUST2646,33,Female,PROD1846,UK,1/28/2021,05-07-2025,5,active,255.81,6,35,Yoga Mat,Sports,4.6,0
ORD6647,CUST2647,40,Male,PROD1847,Pakistan,07-12-2022,11/16/2023,2,cancelled,358.63,2,6,Nail Polish,Beauty,4.2,0
ORD6648,CUST2648,47,Female,PROD1848,Germany,11-12-2022,12-11-2023,2,paused,12.28,4,35,Yoga Mat,Sports,3.9,0
ORD6649,CUST2649,54,Male,PROD1849,India,4/30/2021,9/24/2021,4,active,112.04,8,29,Skirt,Clothing,4.2,0
ORD6650,CUST2650,36,Female,PROD1850,UK,04-01-2023,10-12-2024,0,paused,1885.06,1,33,Camera,Electronics,4.2,0
ORD6651,CUST2651,26,Male,PROD1851,Pakistan,12/17/2020,1/18/2022,3,paused,714.4,2,30,Sofa,Home,4.1,0
ORD6652,CUST2652,21,Female,PROD1852,India,6/18/2021,09-01-2022,2,active,277.69,6,10,Sneakers,Clothing,4.8,0
ORD6653,CUST2653,62,Male,PROD1853,Pakistan,10-06-2020,05-09-2023,5,cancelled,108.33,8,33,Laptop,Electronics,4.4,0
ORD6654,CUST2654,55,Female,PROD1854,Germany,01-01-2021,10-07-2021,5,paused,1831.4,1,4,Headphones,Electronics,4.3,0
ORD6655,CUST2655,42,Female,PROD1855,Germany,01-10-2021,5/29/2021,2,cancelled,524.46,1,12,Nail Polish,Beauty,4.3,0
ORD6656,CUST2656,35,Male,PROD1856,Canada,8/28/2022,05-05-2025,5,active,351.58,3,13,Shampoo,Beauty,4.0,0
ORD6657,CUST2657,69,Other,PROD1857,India,8/20/2020,8/20/2025,5,active,79.3,9,34,Hoodie,Clothing,4.3,0
ORD6658,CUST2658,42,Male,PROD1858,UK,02-05-2021,3/19/2025,0,active,428.49,3,38,Bluetooth Speaker,Electronics,4.0,0
ORD6659,CUST2659,34,Male,PROD1859,India,03-02-2021,1/17/2023,2,active,63.22,5,15,Sofa,Home,4.4,0
ORD6660,CUST2660,39,Male,PROD1860,Germany,4/28/2021,10-02-2022,0,paused,137.12,8,20,Perfume,Beauty,4.1,0
ORD6661,CUST2661,21,Male,PROD1861,USA,01-04-2021,12-07-2023,1,active,209.09,3,16,Football,Sports,3.6,1
ORD6662,CUST2662,55,Female,PROD1862,Germany,07-06-2022,11/25/2024,4,active,294.64,4,22,Camera,Electronics,2.0,1
ORD6663,CUST2663,51,Female,PROD1863,Pakistan,11/26/2022,05-12-2024,5,active,147.02,5,31,Skirt,Clothing,4.0,0
ORD6664,CUST2664,64,Male,PROD1864,Pakistan,08-06-2021,09-11-2023,5,cancelled,327.61,6,19,Cycling Helmet,Sports,3.7,1
ORD6665,CUST2665,64,Male,PROD1865,USA,10-07-2021,08-05-2024,3,paused,823.69,2,2,Bluetooth Speaker,Electronics,3.8,0
ORD6666,CUST2666,66,Female,PROD1866,USA,07-07-2023,2/25/2024,2,active,20.04,7,8,Skirt,Clothing,3.9,0
ORD6667,CUST2667,32,Female,PROD1867,Canada,06-10-2023,06-08-2025,4,cancelled,175.23,9,22,Hoodie,Clothing,3.1,1
ORD6668,CUST2668,55,Male,PROD1868,Germany,01-01-2021,02-12-2024,5,active,330.08,5,34,Chair,Home,3.0,1
ORD6669,CUST2669,59,Male,PROD1869,USA,04-07-2023,07-02-2023,5,paused,240.04,2,36,Camera,Electronics,4.0,0
ORD6670,CUST2670,24,Female,PROD1870,Pakistan,5/14/2021,12-04-2022,0,active,3.68,9,47,Headphones,Electronics,4.4,0
ORD6671,CUST2671,66,Female,PROD1871,Canada,8/28/2020,1/19/2022,3,active,323.89,2,37,Lipstick,Beauty,4.1,0
ORD6672,CUST2672,48,Female,PROD1872,Germany,8/13/2023,06-12-2025,4,cancelled,29.26,9,34,Face Wash,Beauty,3.6,1
ORD6673,CUST2673,22,Female,PROD1873,Pakistan,07-06-2022,2/23/2024,3,paused,119.12,5,2,Lipstick,Beauty,4.4,0
ORD6674,CUST2674,66,Male,PROD1874,UK,11/14/2021,4/23/2023,5,active,156.26,8,42,Laptop,Electronics,4.2,0
ORD6675,CUST2675,28,Male,PROD1875,UK,10-02-2021,10/26/2024,4,paused,135.47,6,3,Gaming Console,Electronics,4.3,0
ORD6676,CUST2676,48,Male,PROD1876,Canada,11-04-2020,2/24/2024,3,active,814.81,2,25,T-Shirt,Clothing,3.8,0
ORD6677,CUST2677,35,Female,PROD1877,India,10/15/2020,05-09-2023,0,active,403.86,2,43,Headphones,Electronics,4.1,0
ORD6678,CUST2678,27,Female,PROD1878,USA,06-11-2021,1/20/2024,0,active,163.55,6,48,Foundation,Beauty,4.0,0
ORD6679,CUST2679,24,Female,PROD1879,Germany,10/20/2021,7/24/2023,2,paused,75.07,5,32,T-Shirt,Clothing,4.2,0
ORD6680,CUST2680,69,Female,PROD1880,Pakistan,02-12-2022,04-09-2022,0,active,118.64,8,1,Headphones,Electronics,3.6,1
ORD6681,CUST2681,65,Female,PROD1881,UK,06-01-2021,6/25/2021,4,active,53.37,7,34,Microwave,Home,4.2,0
ORD6682,CUST2682,65,Female,PROD1882,UK,03-01-2023,04-05-2024,3,active,101.28,6,38,Cycling Helmet,Sports,4.1,0
ORD6683,CUST2683,55,Male,PROD1883,USA,02-05-2023,4/21/2025,4,active,86.01,5,48,Laptop,Electronics,4.2,0
ORD6684,CUST2684,26,Male,PROD1884,India,12/23/2022,11/26/2024,3,active,306.85,5,11,Microwave,Home,3.9,0
ORD6685,CUST2685,20,Other,PROD1885,Canada,10/13/2021,6/18/2025,1,active,177.19,3,27,Bluetooth Speaker,Electronics,4.0,0
ORD6686,CUST2686,51,Female,PROD1886,Pakistan,3/14/2021,08-07-2023,0,cancelled,1804.28,1,32,Jacket,Clothing,4.2,0
ORD6687,CUST2687,35,Male,PROD1887,UK,2/24/2023,3/15/2025,0,paused,25.63,4,2,Sofa,Home,4.2,0
ORD6688,CUST2688,58,Male,PROD1888,USA,5/23/2021,08-10-2021,2,active,18.2,6,23,Jacket,Clothing,4.1,0
ORD6689,CUST2689,50,Female,PROD1889,USA,8/27/2020,3/19/2024,4,active,200.74,5,38,Tablet,Electronics,4.4,0
ORD6690,CUST2690,42,Female,PROD1890,Canada,3/29/2021,8/20/2025,0,active,301.07,6,46,Lamp,Home,4.1,0
ORD6691,CUST2691,21,Male,PROD1891,USA,05-04-2023,6/15/2023,0,active,383.59,3,33,Yoga Mat,Sports,4.2,0
ORD6692,CUST2692,46,Male,PROD1892,UK,2/21/2023,5/22/2024,4,cancelled,159.88,5,31,Perfume,Beauty,4.1,0
ORD6693,CUST2693,62,Male,PROD1893,UK,01-07-2023,8/19/2024,3,active,96.74,6,17,Headphones,Electronics,3.9,0
ORD6694,CUST2694,33,Other,PROD1894,Pakistan,4/18/2021,1/14/2025,1,paused,147.04,8,12,Yoga Mat,Sports,3.9,0
ORD6695,CUST2695,59,Male,PROD1895,UK,2/14/2022,12/30/2024,0,active,67.84,9,12,Chair,Home,4.2,0
ORD6696,CUST2696,60,Male,PROD1896,UK,5/13/2023,1/16/2024,3,active,488.97,1,49,Laptop,Electronics,4.2,0
ORD6697,CUST2697,21,Male,PROD1897,Pakistan,6/22/2023,2/27/2024,1,active,257.6,7,34,Conditioner,Beauty,3.7,1
ORD6698,CUST2698,62,Female,PROD1898,Pakistan,9/21/2020,07-11-2022,4,paused,200.49,2,41,Smartphone,Electronics,3.7,1
ORD6699,CUST2699,52,Male,PROD1899,Pakistan,5/16/2023,5/19/2025,3,active,80.9,9,22,Camera,Electronics,3.4,1
ORD6700,CUST2700,44,Male,PROD1900,Germany,3/26/2023,5/17/2024,3,cancelled,157.67,9,13,Tablet,Electronics,4.2,0
ORD6701,CUST2701,65,Female,PROD1901,USA,9/26/2020,1/16/2024,5,active,104.98,8,26,Shirt,Clothing,4.0,0
ORD6702,CUST2702,50,Female,PROD1902,Pakistan,12/30/2022,07-08-2024,4,active,62.9,4,13,Foundation,Beauty,4.1,0
ORD6703,CUST2703,30,Male,PROD1903,Canada,12-02-2020,4/22/2025,4,cancelled,145.29,3,24,Chair,Home,3.9,0
ORD6704,CUST2704,28,Female,PROD1904,India,6/24/2022,10/16/2024,4,cancelled,858.36,2,44,Camera,Electronics,4.0,0
ORD6705,CUST2705,57,Male,PROD1905,Canada,6/29/2021,08-06-2021,1,cancelled,821.24,2,23,Football,Sports,3.9,0
ORD6706,CUST2706,40,Male,PROD1906,UK,11-08-2021,1/24/2025,3,cancelled,165.58,8,21,Blender,Home,4.2,0
ORD6707,CUST2707,39,Female,PROD1907,USA,01-11-2022,6/14/2025,5,active,93.48,9,39,Headphones,Electronics,4.3,0
ORD6708,CUST2708,33,Female,PROD1908,USA,9/27/2021,10-12-2024,1,cancelled,227.54,8,10,Sofa,Home,4.0,0
ORD6709,CUST2709,40,Male,PROD1909,USA,3/13/2023,4/20/2025,1,paused,259.94,6,35,Jeans,Clothing,2.6,1
ORD6710,CUST2710,20,Female,PROD1910,India,3/30/2022,02-09-2024,0,active,232.0,8,39,Shirt,Clothing,3.8,0
ORD6711,CUST2711,47,Male,PROD1911,India,04-02-2022,09-04-2024,5,paused,184.92,7,34,Tablet,Electronics,4.5,0
ORD6712,CUST2712,53,Male,PROD1912,UK,03-06-2023,5/21/2025,2,active,186.91,6,30,Jeans,Clothing,3.5,1
ORD6713,CUST2713,66,Female,PROD1913,India,08-04-2021,04-09-2025,4,active,82.59,9,46,Refrigerator,Home,3.9,0
ORD6714,CUST2714,27,Male,PROD1914,USA,10/18/2021,3/20/2023,4,active,31.93,3,36,Sofa,Home,4.0,0
ORD6715,CUST2715,48,Male,PROD1915,Pakistan,7/16/2022,5/13/2024,4,paused,244.96,4,7,Chair,Home,4.0,0
ORD6716,CUST2716,36,Female,PROD1916,India,5/18/2021,10-10-2021,2,cancelled,79.27,4,48,Sofa,Home,3.5,1
ORD6717,CUST2717,43,Male,PROD1917,Pakistan,04-01-2023,1/22/2025,4,active,27.61,9,42,Dumbbells,Sports,4.0,0
ORD6718,CUST2718,18,Male,PROD1918,Canada,1/18/2022,2/13/2022,5,cancelled,30.43,9,18,Camera,Electronics,3.4,1
ORD6719,CUST2719,40,Female,PROD1919,Pakistan,11-05-2020,03-08-2023,1,cancelled,870.22,2,35,Sneakers,Clothing,4.2,0
ORD6720,CUST2720,22,Female,PROD1920,USA,01-10-2023,5/26/2025,3,paused,175.59,9,41,Jeans,Clothing,3.8,0
ORD6721,CUST2721,18,Female,PROD1921,UK,10-09-2020,04-06-2024,2,active,362.98,4,27,Dining Table,Home,4.1,0
ORD6722,CUST2722,25,Female,PROD1922,USA,6/14/2022,1/22/2024,3,cancelled,473.31,3,2,Face Wash,Beauty,4.2,0
ORD6723,CUST2723,18,Female,PROD1923,UK,9/29/2022,9/29/2024,3,active,156.06,6,9,Foundation,Beauty,4.3,0
ORD6724,CUST2724,42,Male,PROD1924,USA,6/23/2023,9/13/2023,4,active,14.15,5,31,Dumbbells,Sports,4.2,0
ORD6725,CUST2725,26,Male,PROD1925,Canada,05-04-2021,6/13/2021,5,cancelled,164.04,8,13,Shirt,Clothing,4.1,0
ORD6726,CUST2726,53,Female,PROD1926,Canada,1/24/2021,5/30/2021,5,active,206.77,3,23,Shampoo,Beauty,3.9,0
ORD6727,CUST2727,49,Other,PROD1927,Germany,4/17/2021,2/14/2023,1,cancelled,972.15,2,1,Shirt,Clothing,3.3,1
ORD6728,CUST2728,43,Female,PROD1928,USA,1/23/2023,5/25/2025,3,active,33.55,2,36,Shirt,Clothing,4.3,0
ORD6729,CUST2729,18,Other,PROD1929,Pakistan,07-08-2022,03-07-2023,5,active,227.4,4,18,Conditioner,Beauty,3.9,0
ORD6730,CUST2730,25,Male,PROD1930,USA,2/22/2021,7/24/2023,2,cancelled,262.56,4,26,Laptop,Electronics,4.3,0
ORD6731,CUST2731,42,Female,PROD1931,India,08-04-2022,02-03-2023,3,active,388.38,2,35,Dining Table,Home,3.6,1
ORD6732,CUST2732,47,Male,PROD1932,Germany,09-09-2022,04-08-2025,3,active,157.06,9,34,Gaming Console,Electronics,3.8,0
ORD6733,CUST2733,20,Female,PROD1933,Canada,7/27/2022,6/25/2025,2,active,171.09,5,36,Tennis Racket,Sports,3.9,0
ORD6734,CUST2734,41,Female,PROD1934,India,12-12-2022,6/24/2023,1,active,317.36,5,19,Lamp,Home,4.6,0
ORD6735,CUST2735,65,Male,PROD1935,UK,4/19/2022,07-06-2024,0,active,613.07,3,22,Vacuum Cleaner,Home,3.8,0
ORD6736,CUST2736,33,Male,PROD1936,Germany,04-03-2022,08-07-2023,4,active,87.29,9,40,Skirt,Clothing,3.9,0
ORD6737,CUST2737,69,Female,PROD1937,USA,5/29/2022,10/17/2022,4,active,90.99,5,35,Shirt,Clothing,4.1,0
ORD6738,CUST2738,27,Male,PROD1938,Germany,10/31/2022,2/22/2024,4,active,291.43,3,40,Chair,Home,3.6,1
ORD6739,CUST2739,36,Male,PROD1939,Pakistan,6/18/2023,9/16/2023,3,cancelled,407.69,1,47,Basketball,Sports,4.4,0
ORD6740,CUST2740,69,Male,PROD1940,India,1/20/2023,05-08-2025,3,active,52.8,8,33,Dress,Clothing,4.3,0
ORD6741,CUST2741,32,Female,PROD1941,USA,8/23/2020,10/17/2020,4,active,248.17,1,18,Vacuum Cleaner,Home,4.7,0
ORD6742,CUST2742,52,Female,PROD1942,India,8/22/2020,6/19/2025,1,active,406.4,4,19,Laptop,Electronics,4.3,0
ORD6743,CUST2743,62,Female,PROD1943,Canada,04-12-2021,1/27/2022,2,active,49.62,6,49,Hoodie,Clothing,3.9,0
ORD6744,CUST2744,26,Male,PROD1944,Pakistan,11/20/2021,1/17/2022,5,active,194.3,6,11,Headphones,Electronics,3.9,0
ORD6745,CUST2745,33,Female,PROD1945,USA,5/14/2021,1/27/2023,0,active,141.25,7,16,Smartphone,Electronics,3.7,1
ORD6746,CUST2746,53,Female,PROD1946,Canada,10/17/2022,5/25/2024,1,paused,499.41,3,35,Hoodie,Clothing,3.5,1
ORD6747,CUST2747,56,Female,PROD1947,UK,6/23/2022,08-12-2024,1,cancelled,242.33,1,12,Blender,Home,4.0,0
ORD6748,CUST2748,52,Female,PROD1948,UK,3/15/2021,8/19/2023,2,active,946.91,1,21,Laptop,Electronics,4.1,0
ORD6749,CUST2749,50,Male,PROD1949,UK,11/28/2021,04-11-2022,0,active,411.67,1,25,Lamp,Home,3.9,0
ORD6750,CUST2750,34,Female,PROD1950,Canada,12/14/2021,03-07-2025,1,active,177.74,8,34,Moisturizer,Beauty,4.4,0
ORD6751,CUST2751,26,Female,PROD1951,UK,8/21/2021,11-12-2022,4,active,500.06,3,4,Chair,Home,4.3,0
ORD6752,CUST2752,59,Female,PROD1952,Canada,2/22/2022,1/29/2024,5,active,397.85,3,24,Bluetooth Speaker,Electronics,4.5,0
ORD6753,CUST2753,29,Male,PROD1953,UK,12/14/2022,1/25/2024,3,active,48.17,5,12,Jacket,Clothing,4.0,0
ORD6754,CUST2754,41,Male,PROD1954,USA,03-09-2022,4/30/2022,4,paused,205.14,6,38,Face Wash,Beauty,3.9,0
ORD6755,CUST2755,51,Female,PROD1955,USA,08-03-2022,12/18/2023,4,active,168.77,5,25,Shirt,Clothing,4.2,0
ORD6756,CUST2756,56,Male,PROD1956,Pakistan,2/24/2023,08-07-2023,5,active,246.43,6,25,Sneakers,Clothing,4.1,0
ORD6757,CUST2757,22,Male,PROD1957,Germany,8/25/2021,08-02-2025,0,active,292.64,5,32,T-Shirt,Clothing,3.7,1
ORD6758,CUST2758,61,Female,PROD1958,Canada,11/25/2022,03-09-2025,4,cancelled,203.28,5,47,Shampoo,Beauty,4.1,0
ORD6759,CUST2759,37,Male,PROD1959,Pakistan,12/17/2022,04-09-2023,4,paused,931.8,2,46,Laptop,Electronics,4.2,0
ORD6760,CUST2760,62,Male,PROD1960,USA,12-04-2022,7/18/2023,1,cancelled,117.18,9,9,Football,Sports,4.3,0
ORD6761,CUST2761,42,Male,PROD1961,Canada,08-04-2021,07-02-2022,4,cancelled,39.66,7,34,Football,Sports,3.6,1
ORD6762,CUST2762,26,Male,PROD1962,Pakistan,3/19/2022,06-10-2022,1,cancelled,47.52,5,25,Face Wash,Beauty,4.1,0
ORD6763,CUST2763,34,Male,PROD1963,Germany,03-02-2023,7/29/2025,1,cancelled,165.16,9,9,Foundation,Beauty,4.5,0
ORD6764,CUST2764,46,Female,PROD1964,India,9/20/2022,01-05-2024,5,active,28.8,2,15,Dumbbells,Sports,4.2,0
ORD6765,CUST2765,44,Female,PROD1965,India,2/27/2023,04-01-2025,1,active,64.24,9,39,Hoodie,Clothing,4.3,0
ORD6766,CUST2766,29,Male,PROD1966,USA,7/17/2023,6/30/2025,1,active,493.6,2,31,Tablet,Electronics,4.0,0
ORD6767,CUST2767,42,Male,PROD1967,Germany,2/17/2023,3/26/2023,2,paused,180.2,7,39,Jacket,Clothing,4.2,0
ORD6768,CUST2768,37,Female,PROD1968,UK,12/19/2022,02-09-2024,4,active,121.43,3,36,Football,Sports,4.2,0
ORD6769,CUST2769,46,Other,PROD1969,UK,1/27/2021,1/14/2023,0,paused,322.7,3,26,Shampoo,Beauty,4.5,0
ORD6770,CUST2770,58,Female,PROD1970,Germany,08-06-2022,5/15/2023,4,cancelled,527.36,1,35,Moisturizer,Beauty,3.8,0
ORD6771,CUST2771,50,Male,PROD1971,Canada,8/29/2021,11-09-2024,3,active,101.44,9,33,Jacket,Clothing,4.4,0
ORD6772,CUST2772,44,Male,PROD1972,Canada,07-07-2021,1/16/2022,2,active,225.41,5,1,Shampoo,Beauty,4.1,0
ORD6773,CUST2773,33,Female,PROD1973,UK,4/15/2022,2/27/2024,1,active,554.73,1,16,Dress,Clothing,4.2,0
ORD6774,CUST2774,58,Male,PROD1974,UK,10/19/2022,06-12-2023,2,active,641.76,3,18,Nail Polish,Beauty,4.3,0
ORD6775,CUST2775,26,Male,PROD1975,Germany,2/26/2023,9/28/2023,0,paused,116.39,9,38,Jacket,Clothing,4.1,0
ORD6776,CUST2776,48,Male,PROD1976,USA,04-02-2022,9/13/2023,4,cancelled,277.09,3,12,Dumbbells,Sports,4.2,0
ORD6777,CUST2777,60,Female,PROD1977,Germany,05-06-2021,07-02-2025,5,active,68.3,8,9,Smartphone,Electronics,4.1,0
ORD6778,CUST2778,33,Male,PROD1978,Germany,02-03-2022,06-05-2024,3,cancelled,978.54,2,37,Chair,Home,3.9,0
ORD6779,CUST2779,35,Male,PROD1979,Pakistan,08-12-2021,11-12-2024,0,active,1241.77,1,36,Tennis Racket,Sports,3.9,0
ORD6780,CUST2780,30,Male,PROD1980,India,11/14/2022,06-04-2025,0,active,394.54,3,11,Headphones,Electronics,3.8,0
ORD6781,CUST2781,50,Female,PROD1981,India,6/30/2023,10/15/2024,1,cancelled,5.39,8,38,Smartwatch,Electronics,4.6,0
ORD6782,CUST2782,40,Male,PROD1982,India,5/24/2021,1/19/2025,5,active,120.41,8,19,Yoga Mat,Sports,3.6,1
ORD6783,CUST2783,48,Male,PROD1983,UK,08-11-2022,05-02-2023,3,active,124.3,8,15,Yoga Mat,Sports,4.1,0
ORD6784,CUST2784,48,Male,PROD1984,UK,8/18/2021,10/23/2021,5,active,179.9,2,40,Nail Polish,Beauty,4.2,0
ORD6785,CUST2785,64,Male,PROD1985,Canada,6/18/2021,10-11-2022,1,cancelled,151.58,7,47,Jeans,Clothing,4.3,0
ORD6786,CUST2786,61,Female,PROD1986,USA,07-11-2023,11-08-2023,3,active,165.18,8,19,Refrigerator,Home,3.9,0
ORD6787,CUST2787,29,Male,PROD1987,Canada,11/14/2022,10/14/2023,4,active,65.76,7,5,Running Shoes,Sports,3.9,0
ORD6788,CUST2788,64,Female,PROD1988,Pakistan,7/26/2021,3/30/2025,1,cancelled,123.74,9,8,Dining Table,Home,4.0,0
ORD6789,CUST2789,22,Male,PROD1989,Canada,9/15/2020,5/29/2021,1,active,62.2,4,11,Basketball,Sports,4.4,0
ORD6790,CUST2790,54,Female,PROD1990,Germany,12-01-2022,05-12-2023,3,active,10.18,4,13,Dress,Clothing,4.2,0
ORD6791,CUST2791,52,Female,PROD1991,Germany,12/22/2022,06-05-2025,5,paused,178.14,7,31,Dress,Clothing,4.5,0
ORD6792,CUST2792,47,Male,PROD1992,Canada,08-08-2022,2/22/2025,4,active,821.69,1,44,Lipstick,Beauty,4.1,0
ORD6793,CUST2793,63,Male,PROD1993,Canada,4/30/2023,10-01-2023,0,paused,166.66,7,16,Tablet,Electronics,4.1,0
ORD6794,CUST2794,25,Female,PROD1994,India,4/25/2022,11/30/2023,2,paused,715.99,1,39,Dining Table,Home,4.2,0
ORD6795,CUST2795,50,Male,PROD1995,India,6/18/2022,1/30/2025,1,cancelled,1397.94,1,5,Cricket Bat,Sports,4.2,0
ORD6796,CUST2796,21,Female,PROD1996,Germany,3/13/2021,11/15/2023,1,active,307.89,5,35,Bluetooth Speaker,Electronics,4.0,0
ORD6797,CUST2797,68,Female,PROD1997,Germany,8/29/2021,12-05-2024,4,active,146.78,9,6,Shirt,Clothing,4.3,0
ORD6798,CUST2798,40,Female,PROD1998,Germany,2/17/2023,1/28/2025,1,active,82.46,3,41,Headphones,Electronics,3.6,1
ORD6799,CUST2799,20,Female,PROD1999,Germany,09-08-2021,10-11-2021,1,active,406.43,4,11,Yoga Mat,Sports,3.5,1
ORD6800,CUST2800,20,Female,PROD2000,Germany,11/24/2021,05-04-2022,2,active,871.44,2,35,Nail Polish,Beauty,4.3,0
ORD6801,CUST2801,51,Female,PROD2001,Germany,12-11-2022,6/21/2025,5,active,204.5,8,9,Running Shoes,Sports,3.6,1
ORD6802,CUST2802,37,Female,PROD2002,Pakistan,12-08-2020,12/14/2021,4,active,390.24,2,49,Football,Sports,2.9,1
ORD6803,CUST2803,57,Male,PROD2003,Pakistan,08-12-2022,3/19/2025,1,active,295.37,6,27,Lamp,Home,4.2,0
ORD6804,CUST2804,40,Male,PROD2004,Germany,04-08-2022,01-11-2025,5,cancelled,855.07,2,2,Moisturizer,Beauty,4.4,0
ORD6805,CUST2805,55,Female,PROD2005,Canada,10/26/2022,1/29/2024,0,active,1595.97,1,9,T-Shirt,Clothing,4.1,0
ORD6806,CUST2806,66,Female,PROD2006,UK,3/22/2022,03-03-2023,5,cancelled,139.58,3,17,Camera,Electronics,3.8,0
ORD6807,CUST2807,44,Female,PROD2007,Pakistan,08-12-2022,03-10-2025,5,active,493.19,4,7,Camera,Electronics,3.5,1
ORD6808,CUST2808,25,Female,PROD2008,UK,09-06-2020,12-01-2023,4,active,3.87,9,3,Perfume,Beauty,4.1,0
ORD6809,CUST2809,53,Female,PROD2009,USA,8/21/2021,8/16/2022,3,active,646.02,3,46,Face Wash,Beauty,3.2,1
ORD6810,CUST2810,65,Female,PROD2010,Pakistan,02-11-2021,4/23/2025,1,cancelled,331.29,6,20,Foundation,Beauty,4.4,0
ORD6811,CUST2811,44,Male,PROD2011,Germany,5/25/2022,05-04-2024,3,active,95.93,5,17,Lipstick,Beauty,3.6,1
ORD6812,CUST2812,24,Female,PROD2012,Canada,01-03-2021,02-06-2021,5,cancelled,243.85,7,5,Basketball,Sports,3.1,1
ORD6813,CUST2813,69,Other,PROD2013,UK,03-12-2021,06-02-2023,0,active,57.06,9,36,Lamp,Home,4.0,0
ORD6814,CUST2814,56,Female,PROD2014,India,03-07-2021,9/14/2021,3,active,248.2,5,49,Tennis Racket,Sports,4.1,0
ORD6815,CUST2815,54,Female,PROD2015,India,09-11-2021,4/23/2023,2,active,40.29,8,27,Tennis Racket,Sports,3.6,1
ORD6816,CUST2816,37,Male,PROD2016,Canada,09-03-2021,12/17/2024,2,active,294.37,5,30,Lamp,Home,4.0,0
ORD6817,CUST2817,58,Male,PROD2017,UK,12/26/2021,2/22/2022,0,active,103.64,9,1,Jeans,Clothing,4.3,0
ORD6818,CUST2818,28,Male,PROD2018,Germany,8/28/2020,03-01-2022,2,active,452.0,4,20,Lamp,Home,4.1,0
ORD6819,CUST2819,18,Female,PROD2019,UK,9/29/2021,4/23/2025,5,active,899.63,1,10,Refrigerator,Home,4.2,0
ORD6820,CUST2820,26,Female,PROD2020,USA,04-10-2021,10/31/2021,2,active,219.62,9,21,Camera,Electronics,3.9,0
ORD6821,CUST2821,21,Male,PROD2021,USA,12/25/2020,4/27/2024,2,active,183.35,9,13,Conditioner,Beauty,4.0,0
ORD6822,CUST2822,28,Female,PROD2022,USA,11-12-2022,4/28/2024,5,active,634.36,3,21,Microwave,Home,4.2,0
ORD6823,CUST2823,20,Female,PROD2023,Pakistan,2/27/2021,12/30/2022,0,active,90.04,8,47,Smartwatch,Electronics,4.2,0
ORD6824,CUST2824,53,Other,PROD2024,Pakistan,10/24/2021,10-01-2023,0,active,132.42,3,1,Dumbbells,Sports,4.1,0
ORD6825,CUST2825,39,Male,PROD2025,USA,6/27/2022,08-04-2025,1,paused,369.9,2,48,Shampoo,Beauty,4.4,0
ORD6826,CUST2826,45,Male,PROD2026,Pakistan,9/19/2020,01-01-2022,2,cancelled,193.98,6,43,Football,Sports,4.1,0
ORD6827,CUST2827,61,Female,PROD2027,Germany,7/19/2021,01-06-2025,4,active,213.98,3,27,Sneakers,Clothing,4.2,0
ORD6828,CUST2828,51,Female,PROD2028,Canada,8/22/2020,8/17/2022,5,cancelled,139.2,9,48,Jacket,Clothing,4.1,0
ORD6829,CUST2829,39,Female,PROD2029,UK,3/15/2023,5/30/2023,5,cancelled,429.99,1,29,Smartwatch,Electronics,3.9,0
ORD6830,CUST2830,66,Male,PROD2030,Germany,04-10-2023,5/29/2023,5,cancelled,204.48,6,10,Camera,Electronics,3.9,0
ORD6831,CUST2831,62,Female,PROD2031,Germany,01-05-2022,06-05-2025,0,cancelled,26.95,5,33,Nail Polish,Beauty,4.2,0
ORD6832,CUST2832,53,Female,PROD2032,Canada,6/15/2022,3/24/2023,1,active,22.66,6,32,Smartwatch,Electronics,4.2,0
ORD6833,CUST2833,32,Male,PROD2033,Pakistan,04-10-2023,7/28/2025,2,active,150.86,9,48,Shampoo,Beauty,3.7,1
ORD6834,CUST2834,38,Male,PROD2034,India,8/19/2022,07-04-2023,0,paused,347.74,3,29,Headphones,Electronics,3.7,1
ORD6835,CUST2835,38,Female,PROD2035,Pakistan,05-05-2022,2/14/2024,4,cancelled,11.42,9,34,Cycling Helmet,Sports,3.4,1
ORD6836,CUST2836,64,Male,PROD2036,Germany,3/26/2022,1/15/2023,1,active,531.15,3,26,Jacket,Clothing,4.2,0
ORD6837,CUST2837,33,Female,PROD2037,India,07-12-2022,10-09-2022,3,paused,1339.0,1,48,Conditioner,Beauty,4.0,0
ORD6838,CUST2838,23,Male,PROD2038,India,04-11-2021,05-02-2022,0,active,809.03,1,42,Gaming Console,Electronics,4.1,0
ORD6839,CUST2839,45,Male,PROD2039,USA,01-04-2023,5/28/2025,1,cancelled,423.72,3,43,Hoodie,Clothing,3.9,0
ORD6840,CUST2840,31,Male,PROD2040,USA,9/16/2022,1/22/2023,3,cancelled,72.44,7,33,Bluetooth Speaker,Electronics,4.0,0
ORD6841,CUST2841,58,Female,PROD2041,USA,02-07-2022,02-12-2022,2,paused,156.44,4,36,Bluetooth Speaker,Electronics,3.9,0
ORD6842,CUST2842,34,Male,PROD2042,Canada,07-01-2021,2/22/2022,3,active,158.08,6,7,Jeans,Clothing,4.2,0
ORD6843,CUST2843,26,Male,PROD2043,Pakistan,9/26/2022,1/21/2024,2,active,644.69,1,46,Nail Polish,Beauty,4.3,0
ORD6844,CUST2844,43,Male,PROD2044,India,12/20/2021,2/22/2024,4,active,570.25,3,33,T-Shirt,Clothing,4.0,0
ORD6845,CUST2845,61,Male,PROD2045,Germany,09-02-2021,4/24/2023,1,active,267.0,7,14,Cricket Bat,Sports,2.6,1
ORD6846,CUST2846,19,Male,PROD2046,USA,01-04-2022,09-03-2024,3,active,138.42,4,14,Face Wash,Beauty,3.8,0
ORD6847,CUST2847,47,Female,PROD2047,Pakistan,10-08-2020,5/18/2024,4,active,71.79,7,33,Conditioner,Beauty,4.5,0
ORD6848,CUST2848,30,Male,PROD2048,USA,5/22/2023,7/19/2023,3,active,477.46,4,28,Basketball,Sports,3.5,1
ORD6849,CUST2849,43,Male,PROD2049,India,4/25/2022,09-09-2022,3,active,601.04,1,5,Foundation,Beauty,3.9,0
ORD6850,CUST2850,28,Female,PROD2050,UK,04-04-2021,10/14/2024,4,cancelled,467.71,3,30,Chair,Home,4.0,0
ORD6851,CUST2851,47,Male,PROD2051,Germany,09-12-2020,3/18/2022,1,active,147.14,7,36,Chair,Home,4.0,0
ORD6852,CUST2852,60,Male,PROD2052,USA,5/14/2022,11/30/2023,3,cancelled,283.39,2,17,Foundation,Beauty,3.5,1
ORD6853,CUST2853,21,Female,PROD2053,Germany,10/16/2021,7/30/2025,1,cancelled,743.56,2,28,Blender,Home,4.0,0
ORD6854,CUST2854,61,Male,PROD2054,USA,08-01-2021,10/13/2022,1,active,63.1,8,29,Football,Sports,3.4,1
ORD6855,CUST2855,28,Male,PROD2055,UK,12/20/2022,7/18/2024,3,paused,189.33,7,4,Conditioner,Beauty,4.2,0
ORD6856,CUST2856,65,Other,PROD2056,Germany,2/26/2023,09-01-2024,0,active,365.3,4,18,Sofa,Home,3.8,0
ORD6857,CUST2857,61,Female,PROD2057,Canada,2/23/2023,10-10-2023,1,active,44.94,9,7,Sneakers,Clothing,4.1,0
ORD6858,CUST2858,46,Male,PROD2058,USA,12/31/2022,8/29/2023,1,active,556.42,2,6,Vacuum Cleaner,Home,4.2,0
ORD6859,CUST2859,63,Male,PROD2059,USA,5/30/2022,12/18/2024,2,cancelled,103.42,6,40,Lipstick,Beauty,4.3,0
ORD6860,CUST2860,35,Other,PROD2060,Pakistan,2/17/2023,12/17/2024,0,active,300.08,4,25,Conditioner,Beauty,4.2,0
ORD6861,CUST2861,39,Female,PROD2061,USA,04-08-2021,8/15/2024,5,active,117.58,2,4,Sneakers,Clothing,4.1,0
ORD6862,CUST2862,43,Male,PROD2062,UK,10/18/2020,2/24/2021,4,active,1685.5,1,8,Jacket,Clothing,3.9,0
ORD6863,CUST2863,58,Male,PROD2063,Germany,8/17/2021,10-01-2023,4,active,331.38,5,6,Gaming Console,Electronics,3.3,1
ORD6864,CUST2864,21,Female,PROD2064,USA,11/23/2020,11-04-2023,0,paused,529.98,1,41,Cricket Bat,Sports,4.3,0
ORD6865,CUST2865,46,Male,PROD2065,Pakistan,7/15/2022,6/13/2025,5,cancelled,642.41,3,26,Smartphone,Electronics,3.9,0
ORD6866,CUST2866,67,Female,PROD2066,Canada,1/24/2022,7/25/2025,3,active,118.68,9,38,Shampoo,Beauty,4.3,0
ORD6867,CUST2867,24,Female,PROD2067,Canada,3/17/2022,9/27/2022,2,cancelled,570.81,1,40,Face Wash,Beauty,3.6,1
ORD6868,CUST2868,28,Female,PROD2068,Canada,11-09-2020,12/31/2022,0,active,410.67,3,42,Jacket,Clothing,3.8,0
ORD6869,CUST2869,68,Male,PROD2069,UK,08-11-2021,5/15/2023,1,active,21.9,8,14,Camera,Electronics,3.9,0
ORD6870,CUST2870,26,Female,PROD2070,UK,6/14/2023,02-06-2025,2,cancelled,239.88,8,44,Headphones,Electronics,4.6,0
ORD6871,CUST2871,27,Male,PROD2071,Pakistan,05-09-2023,07-08-2025,1,cancelled,1761.57,1,16,Dumbbells,Sports,3.8,0
ORD6872,CUST2872,48,Male,PROD2072,USA,10-01-2021,4/22/2024,5,active,1081.8,1,40,Yoga Mat,Sports,3.9,0
ORD6873,CUST2873,37,Male,PROD2073,Germany,07-03-2022,12-06-2023,3,active,152.49,5,42,Cricket Bat,Sports,4.1,0
ORD6874,CUST2874,50,Male,PROD2074,India,5/21/2021,2/16/2025,0,cancelled,1955.81,1,30,Skirt,Clothing,3.6,1
ORD6875,CUST2875,44,Male,PROD2075,Canada,9/13/2020,11-09-2020,2,active,92.5,7,11,Bluetooth Speaker,Electronics,4.4,0
ORD6876,CUST2876,41,Female,PROD2076,Canada,6/18/2021,12/25/2021,1,paused,207.01,3,17,Dining Table,Home,4.3,0
ORD6877,CUST2877,66,Other,PROD2077,Germany,2/27/2022,2/19/2023,2,paused,51.21,8,48,Perfume,Beauty,4.7,0
ORD6878,CUST2878,30,Male,PROD2078,UK,1/20/2022,1/20/2024,5,active,1358.08,1,46,Bluetooth Speaker,Electronics,4.3,0
ORD6879,CUST2879,46,Female,PROD2079,Pakistan,3/16/2021,3/20/2022,1,active,420.35,2,21,Lipstick,Beauty,3.9,0
ORD6880,CUST2880,51,Male,PROD2080,India,5/26/2022,06-11-2024,1,cancelled,418.53,3,43,Yoga Mat,Sports,3.9,0
ORD6881,CUST2881,53,Male,PROD2081,UK,01-11-2021,09-08-2023,3,active,192.16,6,22,Blender,Home,3.7,1
ORD6882,CUST2882,54,Female,PROD2082,USA,09-09-2021,3/26/2023,4,cancelled,410.43,3,42,Jacket,Clothing,3.5,1
ORD6883,CUST2883,58,Male,PROD2083,Canada,9/25/2022,3/16/2024,2,active,170.66,6,46,Refrigerator,Home,4.0,0
ORD6884,CUST2884,48,Male,PROD2084,USA,4/13/2023,4/17/2024,0,paused,32.67,8,9,Cycling Helmet,Sports,4.1,0
ORD6885,CUST2885,59,Female,PROD2085,Germany,9/16/2022,3/21/2024,0,active,1453.08,1,34,Vacuum Cleaner,Home,3.9,0
ORD6886,CUST2886,69,Female,PROD2086,Germany,1/20/2022,07-11-2024,0,active,104.39,9,19,Perfume,Beauty,4.4,0
ORD6887,CUST2887,25,Female,PROD2087,India,8/14/2022,10/24/2024,0,cancelled,935.95,1,11,Basketball,Sports,4.3,0
ORD6888,CUST2888,28,Male,PROD2088,India,8/30/2020,3/20/2023,4,cancelled,6.43,6,43,Chair,Home,4.5,0
ORD6889,CUST2889,31,Male,PROD2089,India,3/28/2021,12-12-2023,4,paused,334.5,2,15,Cricket Bat,Sports,4.0,0
ORD6890,CUST2890,51,Female,PROD2090,UK,6/23/2021,08-04-2021,2,active,72.16,7,4,Football,Sports,3.9,0
ORD6891,CUST2891,22,Female,PROD2091,India,4/30/2022,9/22/2024,1,cancelled,198.07,5,36,Laptop,Electronics,4.2,0
ORD6892,CUST2892,34,Male,PROD2092,USA,2/19/2022,04-11-2023,1,active,1180.59,1,22,Skirt,Clothing,4.1,0
ORD6893,CUST2893,24,Female,PROD2093,India,07-05-2021,11/14/2024,3,active,83.69,5,7,Microwave,Home,3.7,1
ORD6894,CUST2894,24,Male,PROD2094,USA,08-01-2023,5/15/2024,5,active,228.12,7,25,Sneakers,Clothing,4.1,0
ORD6895,CUST2895,53,Female,PROD2095,Germany,8/28/2020,02-11-2022,4,active,284.69,5,13,Microwave,Home,4.2,0
ORD6896,CUST2896,67,Male,PROD2096,India,08-05-2021,09-07-2024,1,paused,10.34,5,10,Shirt,Clothing,4.3,0
ORD6897,CUST2897,57,Female,PROD2097,Canada,02-04-2022,11-10-2023,5,active,218.72,6,37,Bluetooth Speaker,Electronics,3.6,1
ORD6898,CUST2898,32,Female,PROD2098,Pakistan,12-05-2020,4/22/2023,5,cancelled,211.68,6,25,Moisturizer,Beauty,4.1,0
ORD6899,CUST2899,45,Male,PROD2099,Pakistan,3/16/2023,04-01-2024,1,active,102.92,7,2,Vacuum Cleaner,Home,4.5,0
ORD6900,CUST2900,52,Female,PROD2100,Pakistan,10/25/2021,06-06-2023,5,active,277.83,6,41,T-Shirt,Clothing,4.2,0
ORD6901,CUST2901,51,Male,PROD2101,Canada,2/26/2021,2/22/2022,2,active,224.46,6,30,Jacket,Clothing,4.3,0
ORD6902,CUST2902,21,Male,PROD2102,UK,3/21/2021,4/25/2022,4,active,277.63,3,16,Cycling Helmet,Sports,4.0,0
ORD6903,CUST2903,28,Female,PROD2103,UK,9/15/2021,10/22/2022,4,active,350.36,4,22,Conditioner,Beauty,4.2,0
ORD6904,CUST2904,26,Female,PROD2104,UK,10/18/2022,06-09-2024,2,paused,213.68,5,35,Moisturizer,Beauty,4.2,0
ORD6905,CUST2905,59,Female,PROD2105,Pakistan,8/13/2022,1/26/2023,4,active,36.09,8,27,Tennis Racket,Sports,4.5,0
ORD6906,CUST2906,18,Male,PROD2106,India,03-11-2022,08-09-2022,3,cancelled,267.89,6,2,Football,Sports,3.8,0
ORD6907,CUST2907,40,Male,PROD2107,Germany,4/27/2023,1/21/2025,5,active,755.64,2,38,Bluetooth Speaker,Electronics,4.4,0
ORD6908,CUST2908,25,Male,PROD2108,India,10-12-2020,8/31/2021,5,cancelled,1725.32,1,5,Cycling Helmet,Sports,4.1,0
ORD6909,CUST2909,29,Male,PROD2109,USA,6/24/2021,10-10-2024,5,active,87.1,7,45,Dumbbells,Sports,4.2,0
ORD6910,CUST2910,63,Male,PROD2110,USA,1/29/2021,6/20/2024,1,active,104.59,6,22,T-Shirt,Clothing,4.3,0
ORD6911,CUST2911,44,Female,PROD2111,UK,05-09-2021,11/30/2023,1,cancelled,79.28,2,9,Sofa,Home,4.1,0
ORD6912,CUST2912,48,Male,PROD2112,Pakistan,01-11-2023,9/26/2024,0,active,197.22,6,9,Cycling Helmet,Sports,4.2,0
ORD6913,CUST2913,45,Male,PROD2113,Pakistan,02-04-2021,06-06-2022,4,paused,343.73,1,23,Face Wash,Beauty,4.1,0
ORD6914,CUST2914,67,Female,PROD2114,India,5/21/2023,10/14/2023,3,active,183.62,6,37,T-Shirt,Clothing,3.9,0
ORD6915,CUST2915,25,Other,PROD2115,Canada,11/26/2020,01-09-2025,5,active,266.26,7,15,Face Wash,Beauty,3.9,0
ORD6916,CUST2916,39,Male,PROD2116,Germany,09-04-2020,4/26/2025,3,active,231.08,6,4,T-Shirt,Clothing,3.8,0
ORD6917,CUST2917,42,Male,PROD2117,Pakistan,08-12-2021,11/20/2022,2,active,261.03,7,15,Dress,Clothing,4.6,0
ORD6918,CUST2918,49,Male,PROD2118,India,9/24/2020,11/17/2023,2,active,220.35,4,25,Microwave,Home,3.6,1
ORD6919,CUST2919,22,Female,PROD2119,Canada,04-06-2021,7/22/2021,2,paused,88.49,7,34,Dumbbells,Sports,4.1,0
ORD6920,CUST2920,64,Female,PROD2120,Pakistan,12/14/2021,1/28/2022,4,cancelled,229.56,7,9,Sofa,Home,4.2,0
ORD6921,CUST2921,64,Female,PROD2121,Pakistan,11/25/2022,04-12-2025,3,active,38.42,6,34,Camera,Electronics,4.3,0
ORD6922,CUST2922,51,Male,PROD2122,Pakistan,5/24/2023,02-09-2025,1,cancelled,35.18,6,26,Microwave,Home,3.9,0
ORD6923,CUST2923,44,Female,PROD2123,Germany,5/20/2021,11/28/2021,0,active,96.43,1,8,Tablet,Electronics,3.9,0
ORD6924,CUST2924,53,Male,PROD2124,USA,11-03-2021,2/21/2025,0,active,198.52,9,44,Basketball,Sports,4.0,0
ORD6925,CUST2925,33,Female,PROD2125,Pakistan,12/26/2020,10/28/2021,4,paused,423.9,3,47,Refrigerator,Home,4.4,0
ORD6926,CUST2926,27,Female,PROD2126,Canada,03-06-2023,7/24/2024,2,active,182.16,4,48,T-Shirt,Clothing,4.2,0
ORD6927,CUST2927,30,Female,PROD2127,USA,05-12-2022,6/29/2022,2,cancelled,978.85,1,44,Gaming Console,Electronics,4.5,0
ORD6928,CUST2928,27,Female,PROD2128,Germany,4/25/2022,5/14/2022,1,cancelled,657.06,2,31,Microwave,Home,4.1,0
ORD6929,CUST2929,18,Female,PROD2129,USA,11/30/2020,9/14/2023,5,active,6.78,8,41,Smartphone,Electronics,4.1,0
ORD6930,CUST2930,21,Male,PROD2130,India,1/21/2021,10/24/2023,0,cancelled,289.8,2,48,Jacket,Clothing,4.2,0
ORD6931,CUST2931,19,Female,PROD2131,USA,06-02-2022,1/26/2023,0,cancelled,21.72,8,12,Perfume,Beauty,4.2,0
ORD6932,CUST2932,49,Female,PROD2132,UK,06-07-2021,10/21/2022,1,cancelled,780.1,1,32,Smartphone,Electronics,4.0,0
ORD6933,CUST2933,46,Male,PROD2133,Canada,7/13/2022,01-01-2025,0,active,460.48,3,8,Bluetooth Speaker,Electronics,4.3,0
ORD6934,CUST2934,58,Female,PROD2134,Germany,11/29/2021,2/20/2022,5,active,332.45,6,1,Lamp,Home,3.6,1
ORD6935,CUST2935,26,Other,PROD2135,Germany,1/17/2022,04-06-2023,0,active,66.25,4,2,T-Shirt,Clothing,3.5,1
ORD6936,CUST2936,49,Male,PROD2136,USA,11-09-2020,3/14/2022,0,cancelled,132.92,8,14,Face Wash,Beauty,4.3,0
ORD6937,CUST2937,63,Female,PROD2137,Germany,7/21/2022,01-09-2023,0,active,187.24,9,5,Gaming Console,Electronics,3.6,1
ORD6938,CUST2938,41,Female,PROD2138,UK,03-01-2022,01-09-2024,2,paused,1575.87,1,48,Refrigerator,Home,2.9,1
ORD6939,CUST2939,50,Male,PROD2139,India,8/20/2022,02-12-2024,0,active,141.13,5,11,Smartphone,Electronics,4.2,0
ORD6940,CUST2940,46,Male,PROD2140,Pakistan,09-08-2021,2/26/2025,5,active,584.37,3,11,Dress,Clothing,4.4,0
ORD6941,CUST2941,59,Female,PROD2141,USA,07-02-2022,11/17/2023,4,active,389.05,5,17,Vacuum Cleaner,Home,4.1,0
ORD6942,CUST2942,61,Female,PROD2142,Germany,3/29/2023,12-06-2024,2,active,495.74,3,41,Foundation,Beauty,3.8,0
ORD6943,CUST2943,60,Male,PROD2143,Germany,4/25/2022,05-08-2025,5,active,19.39,9,32,Lamp,Home,3.5,1
ORD6944,CUST2944,35,Male,PROD2144,UK,2/26/2023,6/29/2023,2,cancelled,444.92,3,28,Football,Sports,4.1,0
ORD6945,CUST2945,36,Female,PROD2145,Canada,7/14/2022,11/23/2022,2,cancelled,85.87,6,28,Hoodie,Clothing,3.2,1
ORD6946,CUST2946,64,Female,PROD2146,UK,05-08-2021,11/21/2023,2,active,382.88,3,1,Running Shoes,Sports,4.4,0
ORD6947,CUST2947,34,Male,PROD2147,Canada,12/24/2020,12-11-2023,2,active,177.29,9,44,Yoga Mat,Sports,3.6,1
ORD6948,CUST2948,67,Male,PROD2148,UK,10-10-2020,9/27/2024,2,active,130.54,6,11,Skirt,Clothing,3.1,1
ORD6949,CUST2949,27,Female,PROD2149,Germany,4/27/2022,3/13/2025,5,active,1249.74,1,5,Yoga Mat,Sports,4.0,0
ORD6950,CUST2950,19,Male,PROD2150,Germany,06-10-2022,9/19/2022,4,paused,290.81,4,49,Jacket,Clothing,4.1,0
ORD6951,CUST2951,21,Male,PROD2151,India,04-07-2021,07-09-2024,0,active,366.09,5,5,Tennis Racket,Sports,3.6,1
ORD6952,CUST2952,61,Female,PROD2152,Pakistan,12-03-2022,05-05-2025,2,active,34.53,3,36,Shirt,Clothing,4.0,0
ORD6953,CUST2953,60,Female,PROD2153,UK,12/18/2020,5/14/2024,0,active,112.73,8,34,Perfume,Beauty,4.3,0
ORD6954,CUST2954,62,Male,PROD2154,Canada,5/23/2023,11/30/2023,2,cancelled,1019.71,1,8,Moisturizer,Beauty,4.1,0
ORD6955,CUST2955,51,Male,PROD2155,India,02-11-2023,06-07-2025,4,active,74.99,6,4,Laptop,Electronics,4.2,0
ORD6956,CUST2956,69,Female,PROD2156,Pakistan,03-10-2023,11/29/2023,4,active,434.02,4,44,Nail Polish,Beauty,4.3,0
ORD6957,CUST2957,42,Female,PROD2157,UK,11-11-2020,3/19/2023,4,active,358.32,4,32,Nail Polish,Beauty,4.1,0
ORD6958,CUST2958,54,Male,PROD2158,Germany,09-07-2021,11-05-2023,4,active,189.52,9,48,Jeans,Clothing,4.2,0
ORD6959,CUST2959,55,Male,PROD2159,India,03-03-2022,12/30/2023,0,paused,239.76,3,19,Conditioner,Beauty,4.1,0
ORD6960,CUST2960,67,Male,PROD2160,UK,1/20/2023,5/22/2025,4,cancelled,43.42,9,5,Sofa,Home,3.9,0
ORD6961,CUST2961,37,Male,PROD2161,Canada,02-02-2023,2/27/2025,4,active,153.87,2,2,Vacuum Cleaner,Home,3.9,0
ORD6962,CUST2962,21,Male,PROD2162,UK,11/18/2021,3/15/2025,4,paused,8.1,4,15,Face Wash,Beauty,3.8,0
ORD6963,CUST2963,43,Male,PROD2163,Canada,7/13/2022,1/16/2025,4,paused,325.53,4,16,Hoodie,Clothing,4.6,0
ORD6964,CUST2964,58,Male,PROD2164,India,1/21/2023,05-03-2023,3,paused,211.46,8,6,Cycling Helmet,Sports,3.6,1
ORD6965,CUST2965,31,Female,PROD2165,USA,08-06-2022,10-04-2023,0,active,293.7,2,1,Shirt,Clothing,4.1,0
ORD6966,CUST2966,31,Female,PROD2166,Pakistan,11/13/2022,3/13/2023,4,active,157.86,8,41,Dining Table,Home,4.2,0
ORD6967,CUST2967,42,Female,PROD2167,UK,7/13/2023,04-03-2025,1,cancelled,927.22,2,16,Cycling Helmet,Sports,4.3,0
ORD6968,CUST2968,57,Male,PROD2168,USA,7/25/2022,4/14/2023,5,paused,33.59,5,8,Perfume,Beauty,3.9,0
ORD6969,CUST2969,56,Female,PROD2169,USA,11/13/2020,1/17/2021,4,active,295.43,4,21,Jeans,Clothing,3.9,0
ORD6970,CUST2970,33,Male,PROD2170,India,08-10-2022,08-03-2024,1,cancelled,91.9,9,23,Perfume,Beauty,4.0,0
ORD6971,CUST2971,43,Male,PROD2171,India,12/18/2021,9/17/2024,5,active,531.37,2,18,Smartwatch,Electronics,4.4,0
ORD6972,CUST2972,41,Male,PROD2172,India,09-02-2021,11-02-2024,4,active,143.44,4,38,Bluetooth Speaker,Electronics,4.2,0
ORD6973,CUST2973,46,Male,PROD2173,UK,07-10-2023,06-12-2025,1,active,432.84,4,46,Cycling Helmet,Sports,4.5,0
ORD6974,CUST2974,56,Male,PROD2174,Pakistan,4/14/2021,06-01-2023,1,active,61.63,4,13,Smartphone,Electronics,4.1,0
ORD6975,CUST2975,24,Male,PROD2175,Germany,7/25/2022,09-09-2022,3,active,146.29,7,28,Smartwatch,Electronics,4.1,0
ORD6976,CUST2976,28,Female,PROD2176,UK,8/27/2022,11/23/2024,0,active,142.63,2,35,Sofa,Home,4.2,0
ORD6977,CUST2977,61,Female,PROD2177,India,04-02-2023,8/13/2025,3,active,281.51,5,12,Running Shoes,Sports,4.2,0
ORD6978,CUST2978,61,Male,PROD2178,UK,10/30/2021,01-09-2024,0,active,314.29,4,46,Skirt,Clothing,4.0,0
ORD6979,CUST2979,25,Male,PROD2179,Pakistan,8/29/2020,11-07-2020,4,cancelled,628.04,3,14,Jacket,Clothing,4.3,0
ORD6980,CUST2980,40,Male,PROD2180,UK,3/20/2022,12/16/2022,3,paused,145.3,3,28,T-Shirt,Clothing,3.6,1
ORD6981,CUST2981,56,Male,PROD2181,India,2/28/2022,12-01-2024,1,cancelled,81.86,3,10,Basketball,Sports,3.5,1
ORD6982,CUST2982,26,Female,PROD2182,Pakistan,04-08-2022,7/22/2025,0,active,478.29,4,3,Shampoo,Beauty,4.3,0
ORD6983,CUST2983,53,Female,PROD2183,USA,7/15/2022,7/19/2022,4,paused,386.17,2,9,Refrigerator,Home,3.6,1
ORD6984,CUST2984,23,Female,PROD2184,India,03-12-2022,04-03-2024,2,active,1902.06,1,28,Foundation,Beauty,2.9,1
ORD6985,CUST2985,52,Female,PROD2185,UK,8/26/2022,8/21/2023,3,cancelled,11.23,8,6,Bluetooth Speaker,Electronics,4.2,0
ORD6986,CUST2986,21,Female,PROD2186,USA,1/24/2021,08-03-2024,1,active,522.95,2,2,Camera,Electronics,4.4,0
ORD6987,CUST2987,65,Male,PROD2187,Canada,12-05-2020,4/21/2024,3,active,354.59,4,47,Perfume,Beauty,4.1,0
ORD6988,CUST2988,50,Male,PROD2188,Canada,1/20/2022,07-10-2024,0,active,35.7,8,38,Smartwatch,Electronics,3.8,0
ORD6989,CUST2989,36,Female,PROD2189,Germany,3/23/2022,06-05-2025,2,cancelled,394.6,5,43,Lipstick,Beauty,3.5,1
ORD6990,CUST2990,69,Female,PROD2190,Canada,8/17/2023,5/21/2025,4,paused,71.62,5,17,Football,Sports,4.1,0
ORD6991,CUST2991,55,Male,PROD2191,India,7/17/2022,12/16/2024,4,active,260.37,3,36,Vacuum Cleaner,Home,3.2,1
ORD6992,CUST2992,35,Male,PROD2192,Germany,03-05-2021,11/14/2023,5,active,281.42,3,46,Tablet,Electronics,4.4,0
ORD6993,CUST2993,23,Female,PROD2193,Pakistan,11/28/2020,08-09-2021,3,active,54.05,9,29,Dining Table,Home,3.6,1
ORD6994,CUST2994,40,Male,PROD2194,India,02-07-2021,2/15/2024,4,active,77.92,4,5,Dress,Clothing,3.1,1
ORD6995,CUST2995,27,Female,PROD2195,UK,07-11-2021,7/22/2023,0,active,30.34,7,25,Sneakers,Clothing,4.0,0
ORD6996,CUST2996,59,Male,PROD2196,Canada,11/26/2022,10/29/2023,4,paused,381.38,3,12,Chair,Home,4.1,0
ORD6997,CUST2997,41,Male,PROD2197,India,4/20/2022,8/15/2022,1,active,305.05,6,38,Lipstick,Beauty,3.6,1
ORD6998,CUST2998,20,Male,PROD2198,USA,5/16/2021,12/15/2024,0,active,229.14,1,49,Face Wash,Beauty,4.0,0
ORD6999,CUST2999,54,Male,PROD2199,India,1/31/2023,7/25/2023,5,cancelled,4.41,7,24,Hoodie,Clothing,4.3,0
